date,640.0,650.0,660.0,mean_temp
1982-11-21,,11.23,11.09,11.16
1982-11-28,,,,
1982-12-05,,,,
1982-12-12,,,,
1982-12-19,,,,
1982-12-26,,5.87,,5.87
1983-01-02,,,,
1983-01-09,,,,
1983-01-16,,,,
1983-01-23,,,,
1983-01-30,,,,
1983-02-06,,,,
1983-02-13,,,,
1983-02-20,,,,
1983-02-27,,,,
1983-03-06,,,,
1983-03-13,,,,
1983-03-20,,,,
1983-03-27,,,,
1983-04-03,,,,
1983-04-10,,,,
1983-04-17,,,,
1983-04-24,,,,
1983-05-01,,,,
1983-05-08,,,,
1983-05-15,,,,
1983-05-22,,,,
1983-05-29,,,,
1983-06-05,,,,
1983-06-12,,,,
1983-06-19,,,,
1983-06-26,,,,
1983-07-03,,,,
1983-07-10,,,,
1983-07-17,,,,
1983-07-24,,,,
1983-07-31,,,,
1983-08-07,,,,
1983-08-14,19.73,19.56,19.84,19.709999999999997
1983-08-21,,,,
1983-08-28,,,,
1983-09-04,,,,
1983-09-11,,,,
1983-09-18,,,,
1983-09-25,,,,
1983-10-02,,,,
1983-10-09,,,,
1983-10-16,,,,
1983-10-23,,,,
1983-10-30,,,,
1983-11-06,,,,
1983-11-13,,,,
1983-11-20,,,,
1983-11-27,,,,
1983-12-04,,,,
1983-12-11,,,,
1983-12-18,,,,
1983-12-25,,,,
1984-01-01,,,,
1984-01-08,,,,
1984-01-15,,,,
1984-01-22,,,,
1984-01-29,,,,
1984-02-05,,,,
1984-02-12,,,,
1984-02-19,,,,
1984-02-26,,,,
1984-03-04,,,,
1984-03-11,,,,
1984-03-18,,,,
1984-03-25,,,,
1984-04-01,,,,
1984-04-08,,,,
1984-04-15,,,,
1984-04-22,,,,
1984-04-29,8.05,8.09,8.18,8.106666666666667
1984-05-06,9.25,9.76,9.59,9.533333333333333
1984-05-13,,,,
1984-05-20,,,,
1984-05-27,,,,
1984-06-03,12.94,13.32,12.57,12.943333333333333
1984-06-10,13.8,13.64,13.08,13.506666666666668
1984-06-17,,,,
1984-06-24,14.96,14.65,15.49,15.033333333333333
1984-07-01,,15.73,15.73,15.73
1984-07-08,16.41,16.83,16.85,16.696666666666665
1984-07-15,,,,
1984-07-22,,,,
1984-07-29,19.17,19.13,18.58,18.959999999999997
1984-08-05,,,,
1984-08-12,,19.47,18.89,19.18
1984-08-19,,,,
1984-08-26,,,,
1984-09-02,19.54,18.93,19.63,19.366666666666664
1984-09-09,,,,
1984-09-16,19.61,19.18,19.4,19.396666666666665
1984-09-23,,,,
1984-09-30,,,,
1984-10-07,,,,
1984-10-14,,,,
1984-10-21,,,,
1984-10-28,,,,
1984-11-04,,,,
1984-11-11,,,,
1984-11-18,,,,
1984-11-25,,,,
1984-12-02,,,,
1984-12-09,8.63,8.81,8.58,8.673333333333334
1984-12-16,,,,
1984-12-23,,,,
1984-12-30,,,,
1985-01-06,,,,
1985-01-13,,,,
1985-01-20,,,,
1985-01-27,,,,
1985-02-03,,2.96,3.25,3.105
1985-02-10,,,,
1985-02-17,2.17,2.32,2.19,2.2266666666666666
1985-02-24,,,,
1985-03-03,,,,
1985-03-10,3.69,3.69,3.79,3.723333333333333
1985-03-17,,,,
1985-03-24,,3.91,4.65,4.28
1985-03-31,4.64,4.67,4.72,4.676666666666666
1985-04-07,,,,
1985-04-14,6.84,6.08,,6.46
1985-04-21,,8.5,7.23,7.865
1985-04-28,,,,
1985-05-05,9.58,9.47,9.49,9.513333333333334
1985-05-12,10.34,10.13,9.9,10.123333333333333
1985-05-19,,,,
1985-05-26,11.18,11.29,11.15,11.206666666666665
1985-06-02,,,,
1985-06-09,,,,
1985-06-16,,,,
1985-06-23,14.8,15.05,14.89,14.913333333333334
1985-06-30,15.82,15.38,15.89,15.696666666666667
1985-07-07,,,,
1985-07-14,17.29,16.32,17.33,16.98
1985-07-21,17.43,17.02,17.52,17.323333333333334
1985-07-28,17.25,17.53,17.25,17.343333333333334
1985-08-04,,,,
1985-08-11,,19.2,19.15,19.174999999999997
1985-08-18,19.74,19.5,19.55,19.596666666666664
1985-08-25,,,,
1985-09-01,,,,
1985-09-08,,,,
1985-09-15,19.24,19.5,19.33,19.356666666666666
1985-09-22,19.31,,,19.31
1985-09-29,18.11,18.05,18.3,18.153333333333332
1985-10-06,17.34,17.25,17.43,17.34
1985-10-13,15.27,17.11,16.69,16.356666666666666
1985-10-20,,,,
1985-10-27,,,,
1985-11-03,13.88,14.34,13.92,14.046666666666667
1985-11-10,,,,
1985-11-17,,11.88,12.05,11.965
1985-11-24,,,,
1985-12-01,,10.48,10.48,10.48
1985-12-08,,,,
1985-12-15,,,,
1985-12-22,,,,
1985-12-29,,,,
1986-01-05,,,,
1986-01-12,2.52,2.31,2.51,2.4466666666666668
1986-01-19,,,,
1986-01-26,,2.44,3.27,2.855
1986-02-02,,,,
1986-02-09,3.35,3.45,3.56,3.4533333333333336
1986-02-16,,,,
1986-02-23,,,,
1986-03-02,,,,
1986-03-09,,,,
1986-03-16,4.8,4.9,3.75,4.483333333333333
1986-03-23,5.07,4.7,4.34,4.703333333333333
1986-03-30,,,,
1986-04-06,6.83,6.8,6.18,6.603333333333333
1986-04-13,7.17,7.11,6.26,6.846666666666667
1986-04-20,,,,
1986-04-27,,,,
1986-05-04,9.05,9.28,8.78,9.036666666666667
1986-05-11,10.26,10.19,10.41,10.286666666666667
1986-05-18,10.56,10.84,10.56,10.653333333333334
1986-05-25,12.26,11.87,11.93,12.020000000000001
1986-06-01,12.59,12.59,12.64,12.606666666666667
1986-06-08,,,,
1986-06-15,13.3,13.52,13.97,13.596666666666666
1986-06-22,,,,
1986-06-29,15.33,15.76,15.92,15.67
1986-07-06,,,,
1986-07-13,16.93,16.77,16.99,16.896666666666665
1986-07-20,18.11,18.11,18.06,18.093333333333334
1986-07-27,19.26,19.19,18.56,19.003333333333334
1986-08-03,19.14,19.35,19.24,19.243333333333336
1986-08-10,,,,
1986-08-17,19.88,19.46,19.89,19.743333333333336
1986-08-24,19.45,19.61,19.19,19.416666666666668
1986-08-31,,,,
1986-09-07,,,,
1986-09-14,,,,
1986-09-21,18.87,18.72,18.95,18.846666666666668
1986-09-28,,,,
1986-10-05,,,,
1986-10-12,17.23,17.29,17.19,17.236666666666665
1986-10-19,16.41,16.07,16.06,16.180000000000003
1986-10-26,15.41,14.44,15.62,15.156666666666666
1986-11-02,,,,
1986-11-09,,12.67,,12.67
1986-11-16,,,,
1986-11-23,9.7,,,9.7
1986-11-30,,,,
1986-12-07,9.46,9.07,8.81,9.113333333333335
1986-12-14,7.54,7.24,7.84,7.54
1986-12-21,,,,
1986-12-28,,,,
1987-01-04,,,,
1987-01-11,,,,
1987-01-18,,,,
1987-01-25,3.53,3.91,4.1,3.8466666666666662
1987-02-01,,,,
1987-02-08,,,,
1987-02-15,,,,
1987-02-22,3.15,3.15,3.07,3.123333333333333
1987-03-01,4.05,3.79,3.48,3.7733333333333334
1987-03-08,,,,
1987-03-15,,,,
1987-03-22,,,,
1987-03-29,,,,
1987-04-05,,,,
1987-04-12,,,6.47,6.47
1987-04-19,,,,
1987-04-26,8.4,10.94,8.17,9.17
1987-05-03,,,,
1987-05-10,,,,
1987-05-17,,10.82,10.54,10.68
1987-05-24,11.08,11.42,11.34,11.280000000000001
1987-05-31,,,11.47,11.47
1987-06-07,12.6,12.58,13.07,12.75
1987-06-14,,13.93,13.76,13.844999999999999
1987-06-21,14.32,14.35,15.63,14.766666666666667
1987-06-28,15.54,16.05,16.0,15.863333333333335
1987-07-05,,,,
1987-07-12,,,,
1987-07-19,16.77,16.86,17.7,17.11
1987-07-26,,,,
1987-08-02,18.48,18.64,18.42,18.513333333333335
1987-08-09,19.0,19.1,18.81,18.97
1987-08-16,19.83,19.51,19.74,19.69333333333333
1987-08-23,,,19.82,19.82
1987-08-30,,,,
1987-09-06,19.6,19.24,19.56,19.46666666666667
1987-09-13,19.66,19.74,19.7,19.7
1987-09-20,19.55,19.15,19.08,19.26
1987-09-27,,18.06,18.83,18.445
1987-10-04,17.9,17.85,17.74,17.83
1987-10-11,17.41,16.96,17.42,17.263333333333335
1987-10-18,15.08,15.17,15.06,15.103333333333333
1987-10-25,,,,
1987-11-01,,,,
1987-11-08,,,,
1987-11-15,,,,
1987-11-22,,,,
1987-11-29,,,,
1987-12-06,,,,
1987-12-13,,,,
1987-12-20,,,,
1987-12-27,,,,
1988-01-03,,,,
1988-01-10,,,,
1988-01-17,,,,
1988-01-24,,,,
1988-01-31,,,,
1988-02-07,,,,
1988-02-14,,,,
1988-02-21,,,,
1988-02-28,,,,
1988-03-06,,,,
1988-03-13,,3.93,3.48,3.705
1988-03-20,4.8,4.22,4.94,4.653333333333333
1988-03-27,,,,
1988-04-03,,,,
1988-04-10,,,,
1988-04-17,6.18,6.66,6.15,6.330000000000001
1988-04-24,7.14,7.39,7.06,7.196666666666666
1988-05-01,8.75,8.71,8.75,8.736666666666666
1988-05-08,,,,
1988-05-15,9.51,10.42,9.93,9.953333333333333
1988-05-22,11.09,11.19,11.14,11.14
1988-05-29,,12.11,12.1,12.105
1988-06-05,,,,
1988-06-12,,,,
1988-06-19,13.7,13.85,14.17,13.906666666666666
1988-06-26,,,,
1988-07-03,16.06,16.51,16.15,16.24
1988-07-10,16.79,15.74,16.57,16.366666666666667
1988-07-17,17.76,17.12,17.87,17.583333333333332
1988-07-24,17.67,17.77,17.69,17.709999999999997
1988-07-31,,,,
1988-08-07,19.26,19.32,19.06,19.213333333333335
1988-08-14,18.92,18.85,19.94,19.236666666666668
1988-08-21,,,,
1988-08-28,,19.53,19.56,19.545
1988-09-04,19.72,19.42,19.57,19.57
1988-09-11,19.24,19.16,19.34,19.246666666666666
1988-09-18,,,,
1988-09-25,,,,
1988-10-02,,,,
1988-10-09,17.9,18.3,18.08,18.093333333333334
1988-10-16,16.62,17.22,17.22,17.02
1988-10-23,14.6,15.79,15.93,15.44
1988-10-30,13.82,14.17,13.89,13.96
1988-11-06,,,,
1988-11-13,,,,
1988-11-20,,,,
1988-11-27,,,,
1988-12-04,,,,
1988-12-11,,,,
1988-12-18,6.97,7.07,,7.02
1988-12-25,,,,
1989-01-01,,,,
1989-01-08,,,,
1989-01-15,,,,
1989-01-22,,,,
1989-01-29,,,,
1989-02-05,,,,
1989-02-12,3.76,4.01,3.45,3.7399999999999998
1989-02-19,,,,
1989-02-26,,3.21,,3.21
1989-03-05,,,,
1989-03-12,,,,
1989-03-19,,,,
1989-03-26,4.75,5.19,4.06,4.666666666666667
1989-04-02,,,,
1989-04-09,6.17,6.54,5.7,6.136666666666667
1989-04-16,,,,
1989-04-23,,,,
1989-04-30,,,,
1989-05-07,10.43,10.18,10.31,10.306666666666667
1989-05-14,9.94,10.85,10.28,10.356666666666667
1989-05-21,,,,
1989-05-28,11.13,11.85,11.57,11.516666666666666
1989-06-04,13.28,13.21,13.46,13.316666666666668
1989-06-11,13.545,13.35,13.64,13.511666666666665
1989-06-18,14.49,14.73,14.59,14.603333333333333
1989-06-25,15.525,15.72,15.81,15.685
1989-07-02,,,,
1989-07-09,17.48,17.74,18.26,17.826666666666668
1989-07-16,17.15,17.005000000000003,17.165,17.106666666666666
1989-07-23,18.26,18.25,18.74,18.416666666666668
1989-07-30,19.17,19.29,18.42,18.96
1989-08-06,19.15,19.46,19.0,19.203333333333333
1989-08-13,19.94,19.66,19.77,19.790000000000003
1989-08-20,19.44,19.56,19.98,19.66
1989-08-27,,,,
1989-09-03,,,,
1989-09-10,19.34,18.88,19.36,19.19333333333333
1989-09-17,19.54,19.73,19.47,19.58
1989-09-24,18.58,18.48,18.73,18.596666666666668
1989-10-01,18.31,18.18,18.22,18.236666666666665
1989-10-08,,16.48,,16.48
1989-10-15,16.37,16.28,16.64,16.430000000000003
1989-10-22,,,,
1989-10-29,,,,
1989-11-05,,,,
1989-11-12,,,,
1989-11-19,,,,
1989-11-26,,,,
1989-12-03,,,,
1989-12-10,,,,
1989-12-17,,,,
1989-12-24,,,,
1989-12-31,,,,
1990-01-07,,,,
1990-01-14,,,,
1990-01-21,,,,
1990-01-28,,,,
1990-02-04,,,,
1990-02-11,,,,
1990-02-18,,,,
1990-02-25,2.81,,,2.81
1990-03-04,3.33,4.01,3.53,3.623333333333333
1990-03-11,4.23,4.63,3.74,4.2
1990-03-18,,,,
1990-03-25,,,,
1990-04-01,5.27,5.53,4.86,5.22
1990-04-08,6.41,6.88,7.14,6.81
1990-04-15,,,,
1990-04-22,8.31,6.94,,7.625
1990-04-29,7.72,8.14,7.94,7.933333333333334
1990-05-06,9.83,9.27,9.83,9.643333333333333
1990-05-13,10.56,9.98,10.55,10.363333333333333
1990-05-20,11.55,10.55,11.49,11.196666666666667
1990-05-27,,,,
1990-06-03,,,,
1990-06-10,13.09,13.28,13.73,13.366666666666665
1990-06-17,,,,
1990-06-24,15.59,15.6,14.81,15.333333333333334
1990-07-01,,,,
1990-07-08,,,,
1990-07-15,,,,
1990-07-22,,17.71,18.14,17.925
1990-07-29,18.6,19.29,18.62,18.83666666666667
1990-08-05,,,,
1990-08-12,18.94,19.31,18.6,18.95
1990-08-19,19.72,19.2,19.34,19.42
1990-08-26,19.02,19.66,19.86,19.513333333333332
1990-09-02,19.12,20.86,19.42,19.8
1990-09-09,18.73,19.78,18.88,19.13
1990-09-16,,19.17,19.24,19.205
1990-09-23,,,,
1990-09-30,18.68,18.14,18.57,18.463333333333335
1990-10-07,,,,
1990-10-14,16.41,16.53,16.8,16.58
1990-10-21,,,,
1990-10-28,,,,
1990-11-04,,,,
1990-11-11,,,,
1990-11-18,,,,
1990-11-25,,,,
1990-12-02,,,,
1990-12-09,,,,
1990-12-16,,,,
1990-12-23,,,,
1990-12-30,,,,
1991-01-06,,,,
1991-01-13,,,,
1991-01-20,,,,
1991-01-27,,,,
1991-02-03,,,,
1991-02-10,,,,
1991-02-17,,,,
1991-02-24,,,,
1991-03-03,,,,
1991-03-10,,,,
1991-03-17,,,,
1991-03-24,,,,
1991-03-31,5.09,4.97,5.2,5.086666666666666
1991-04-07,,,,
1991-04-14,6.41,6.46,6.26,6.376666666666668
1991-04-21,7.13,7.61,7.02,7.253333333333333
1991-04-28,7.54,7.83,7.54,7.636666666666667
1991-05-05,,,,
1991-05-12,,,,
1991-05-19,10.25,11.38,9.86,10.496666666666668
1991-05-26,11.45,11.34,11.49,11.426666666666668
1991-06-02,,,,
1991-06-09,,,,
1991-06-16,14.035,13.955,13.695,13.895000000000001
1991-06-23,,,,
1991-06-30,15.68,15.55,,15.615
1991-07-07,15.7,16.19,16.14,16.01
1991-07-14,16.35,16.95,16.93,16.743333333333332
1991-07-21,,,,
1991-07-28,18.47,,,18.47
1991-08-04,18.3,18.48,18.32,18.366666666666667
1991-08-11,19.7,19.43,19.78,19.636666666666667
1991-08-18,19.54,19.61,19.61,19.586666666666666
1991-08-25,,,,
1991-09-01,19.54,19.66,19.11,19.436666666666667
1991-09-08,19.03,19.05,18.98,19.02
1991-09-15,,19.49,19.26,19.375
1991-09-22,18.93,18.89,18.91,18.91
1991-09-29,18.11,17.92,18.34,18.123333333333335
1991-10-06,17.31,16.13,18.19,17.209999999999997
1991-10-13,16.98,17.04,17.07,17.029999999999998
1991-10-20,15.89,15.89,16.07,15.950000000000001
1991-10-27,,,,
1991-11-03,,14.1,13.93,14.015
1991-11-10,,,,
1991-11-17,,,,
1991-11-24,,,,
1991-12-01,,,,
1991-12-08,,,,
1991-12-15,,,,
1991-12-22,,,,
1991-12-29,,,,
1992-01-05,,,,
1992-01-12,,,,
1992-01-19,4.25,4.01,4.17,4.1433333333333335
1992-01-26,,,,
1992-02-02,,,,
1992-02-09,,,,
1992-02-16,,,,
1992-02-23,,,,
1992-03-01,,,,
1992-03-08,,,,
1992-03-15,,,,
1992-03-22,5.54,5.49,5.06,5.363333333333333
1992-03-29,5.97,5.82,5.58,5.789999999999999
1992-04-05,,,,
1992-04-12,6.95,7.21,7.25,7.136666666666667
1992-04-19,7.88,,,7.88
1992-04-26,8.57,8.38,8.24,8.396666666666668
1992-05-03,,,,
1992-05-10,,,,
1992-05-17,11.64,11.04,11.2,11.293333333333331
1992-05-24,12.07,11.94,12.83,12.28
1992-05-31,13.11,12.97,13.1,13.06
1992-06-07,,,,
1992-06-14,12.99,13.63,14.02,13.546666666666667
1992-06-21,15.28,15.07,15.17,15.173333333333334
1992-06-28,15.28,14.87,15.04,15.063333333333333
1992-07-05,16.78,16.0,16.44,16.406666666666666
1992-07-12,,18.38,18.43,18.405
1992-07-19,17.97,18.29,18.23,18.16333333333333
1992-07-26,,,,
1992-08-02,,19.2,18.52,18.86
1992-08-09,19.11,20.12,19.1,19.443333333333335
1992-08-16,,,,
1992-08-23,19.09,19.63,19.37,19.363333333333333
1992-08-30,18.9,20.15,19.29,19.446666666666665
1992-09-06,,,,
1992-09-13,19.02,18.98,19.16,19.05333333333333
1992-09-20,,,,
1992-09-27,,,,
1992-10-04,18.06,17.36,18.49,17.97
1992-10-11,16.93,15.84,17.16,16.64333333333333
1992-10-18,,16.54,16.0,16.27
1992-10-25,,,,
1992-11-01,13.7,13.54,13.84,13.693333333333333
1992-11-08,12.55,13.01,12.43,12.663333333333334
1992-11-15,,,,
1992-11-22,,,,
1992-11-29,9.13,10.03,10.0,9.72
1992-12-06,9.48,9.05,9.58,9.37
1992-12-13,8.2,8.12,8.12,8.146666666666667
1992-12-20,6.76,6.95,6.55,6.753333333333334
1992-12-27,4.93,5.27,5.07,5.09
1993-01-03,,,,
1993-01-10,2.18,2.21,2.43,2.2733333333333334
1993-01-17,,,,
1993-01-24,,,,
1993-01-31,2.33,,,2.33
1993-02-07,3.09,3.2,3.38,3.223333333333333
1993-02-14,,,,
1993-02-21,2.85,3.07,1.75,2.5566666666666666
1993-02-28,,,,
1993-03-07,,,,
1993-03-14,,,,
1993-03-21,4.09,4.46,4.11,4.22
1993-03-28,,,,
1993-04-04,,,,
1993-04-11,,,,
1993-04-18,,,,
1993-04-25,8.38,9.12,9.02,8.84
1993-05-02,,,,
1993-05-09,,,,
1993-05-16,10.48,10.55,10.72,10.583333333333334
1993-05-23,11.62,10.29,11.05,10.986666666666665
1993-05-30,,12.04,,12.04
1993-06-06,,,,
1993-06-13,13.99,14.41,13.84,14.079999999999998
1993-06-20,14.95,13.88,14.46,14.43
1993-06-27,,,,
1993-07-04,15.5,15.61,,15.555
1993-07-11,17.03,16.75,16.41,16.73
1993-07-18,16.4,16.44,16.28,16.373333333333335
1993-07-25,18.59,18.46,18.57,18.54
1993-08-01,18.9,20.89,18.53,19.44
1993-08-08,20.75,21.3,19.93,20.66
1993-08-15,19.47,20.68,19.65,19.933333333333334
1993-08-22,19.95,19.97,19.96,19.96
1993-08-29,,,,
1993-09-05,19.32,20.15,18.82,19.43
1993-09-12,19.76,20.29,18.79,19.613333333333333
1993-09-19,19.36,18.95,19.08,19.13
1993-09-26,18.43,18.29,17.91,18.209999999999997
1993-10-03,18.31,17.5,17.67,17.826666666666668
1993-10-10,,,,
1993-10-17,,,,
1993-10-24,13.74,15.85,14.95,14.846666666666666
1993-10-31,14.72,15.69,14.78,15.063333333333333
1993-11-07,12.83,13.49,12.9,13.073333333333332
1993-11-14,12.58,12.97,12.46,12.670000000000002
1993-11-21,11.09,11.32,11.43,11.280000000000001
1993-11-28,9.4,10.18,9.04,9.54
1993-12-05,8.2,8.09,8.21,8.166666666666666
1993-12-12,7.0,7.33,7.11,7.146666666666667
1993-12-19,,,,
1993-12-26,,,,
1994-01-02,,,,
1994-01-09,4.79,3.88,4.09,4.253333333333333
1994-01-16,,,,
1994-01-23,3.96,3.56,3.95,3.823333333333333
1994-01-30,,3.64,,3.64
1994-02-06,,,,
1994-02-13,,,,
1994-02-20,1.71,2.51,2.41,2.21
1994-02-27,,,,
1994-03-06,,,,
1994-03-13,,,,
1994-03-20,,,,
1994-03-27,5.29,5.39,5.08,5.253333333333333
1994-04-03,5.86,6.22,5.67,5.916666666666667
1994-04-10,,,,
1994-04-17,,,,
1994-04-24,,,,
1994-05-01,8.47,8.52,8.14,8.376666666666667
1994-05-08,9.04,8.87,9.12,9.009999999999998
1994-05-15,10.34,10.35,9.99,10.226666666666667
1994-05-22,,11.3,,11.3
1994-05-29,,,,
1994-06-05,11.82,12.66,11.49,11.99
1994-06-12,,,,
1994-06-19,13.71,14.64,13.67,14.006666666666668
1994-06-26,15.43,14.86,15.2,15.163333333333332
1994-07-03,15.67,15.62,,15.645
1994-07-10,16.73,16.11,16.7,16.513333333333335
1994-07-17,17.69,17.75,17.41,17.616666666666664
1994-07-24,17.08,17.59,17.41,17.36
1994-07-31,,,,
1994-08-07,19.24,19.19,19.97,19.466666666666665
1994-08-14,19.15,20.06,19.03,19.41333333333333
1994-08-21,19.64,20.37,19.34,19.783333333333335
1994-08-28,19.7,19.46,,19.58
1994-09-04,,,,
1994-09-11,,,,
1994-09-18,,,,
1994-09-25,18.93,19.1,19.15,19.06
1994-10-02,18.17,18.09,18.45,18.236666666666668
1994-10-09,,,,
1994-10-16,16.62,16.75,16.43,16.6
1994-10-23,15.16,15.92,15.04,15.373333333333333
1994-10-30,15.11,13.71,14.54,14.453333333333333
1994-11-06,,,,
1994-11-13,12.2,12.81,12.04,12.35
1994-11-20,,,,
1994-11-27,10.75,10.49,10.59,10.610000000000001
1994-12-04,10.63,10.63,9.67,10.31
1994-12-11,,,,
1994-12-18,,,,
1994-12-25,,,,
1995-01-01,,,,
1995-01-08,,,,
1995-01-15,,,,
1995-01-22,,,,
1995-01-29,,3.27,3.18,3.225
1995-02-05,,,,
1995-02-12,,,,
1995-02-19,,,,
1995-02-26,3.78,4.44,3.64,3.9533333333333336
1995-03-05,3.72,3.74,3.87,3.7766666666666673
1995-03-12,,,,
1995-03-19,,,,
1995-03-26,,,,
1995-04-02,,5.75,5.67,5.71
1995-04-09,6.62,7.68,6.11,6.803333333333334
1995-04-16,7.21,8.24,7.5,7.6499999999999995
1995-04-23,9.15,9.19,9.23,9.19
1995-04-30,,,,
1995-05-07,,,,
1995-05-14,10.69,11.06,10.21,10.653333333333334
1995-05-21,12.2,11.87,11.39,11.82
1995-05-28,12.66,12.67,12.64,12.656666666666666
1995-06-04,,,,
1995-06-11,13.34,13.89,13.24,13.49
1995-06-18,14.95,16.52,14.34,15.270000000000001
1995-06-25,16.48,16.26,,16.37
1995-07-02,,,,
1995-07-09,16.67,16.12,,16.395000000000003
1995-07-16,18.15,20.16,18.67,18.993333333333336
1995-07-23,18.23,18.86,18.09,18.393333333333334
1995-07-30,19.19,21.03,19.23,19.816666666666666
1995-08-06,19.51,21.47,19.56,20.180000000000003
1995-08-13,,,,
1995-08-20,,,,
1995-08-27,19.55,20.51,19.7,19.92
1995-09-03,18.86,19.25,19.16,19.09
1995-09-10,18.4,19.27,18.53,18.733333333333334
1995-09-17,18.9,19.82,18.87,19.19666666666667
1995-09-24,,,,
1995-10-01,18.14,18.38,18.16,18.226666666666663
1995-10-08,,,,
1995-10-15,15.49,16.22,16.15,15.953333333333333
1995-10-22,,,,
1995-10-29,15.0,14.53,13.86,14.463333333333333
1995-11-05,,,,
1995-11-12,12.51,12.52,12.79,12.606666666666667
1995-11-19,11.58,,,11.58
1995-11-26,,,,
1995-12-03,10.21,9.87,9.96,10.013333333333334
1995-12-10,,,,
1995-12-17,,,,
1995-12-24,,,,
1995-12-31,,,,
1996-01-07,6.18,5.49,,5.835
1996-01-14,,,,
1996-01-21,,,,
1996-01-28,,,,
1996-02-04,2.51,2.53,2.42,2.4866666666666664
1996-02-11,,,,
1996-02-18,,,,
1996-02-25,3.61,3.72,3.15,3.4933333333333336
1996-03-03,3.89,3.97,3.62,3.8266666666666667
1996-03-10,,,,
1996-03-17,,,,
1996-03-24,6.03,6.21,5.26,5.833333333333333
1996-03-31,,,,
1996-04-07,,,,
1996-04-14,,,,
1996-04-21,8.29,7.52,7.28,7.696666666666666
1996-04-28,8.86,9.85,9.79,9.5
1996-05-05,10.7,10.58,9.17,10.15
1996-05-12,,,,
1996-05-19,12.3,11.12,11.15,11.523333333333333
1996-05-26,12.06,13.29,12.14,12.496666666666668
1996-06-02,,,,
1996-06-09,12.94,13.48,12.55,12.99
1996-06-16,14.93,14.54,13.64,14.37
1996-06-23,14.5,15.65,14.74,14.963333333333333
1996-06-30,15.73,17.27,15.54,16.18
1996-07-07,17.0,17.67,16.01,16.893333333333334
1996-07-14,17.04,17.8,17.22,17.353333333333335
1996-07-21,,,,
1996-07-28,18.74,20.57,16.83,18.713333333333335
1996-08-04,18.16,19.92,18.83,18.97
1996-08-11,20.19,21.4,18.44,20.01
1996-08-18,19.49,19.64,19.73,19.62
1996-08-25,19.62,20.57,19.83,20.006666666666664
1996-09-01,19.58,20.86,18.72,19.72
1996-09-08,,,,
1996-09-15,19.68,19.09,18.98,19.25
1996-09-22,,,,
1996-09-29,,,,
1996-10-06,17.48,17.26,17.45,17.396666666666665
1996-10-13,,,,
1996-10-20,,,,
1996-10-27,14.15,14.6,14.63,14.46
1996-11-03,12.7,12.92,,12.809999999999999
1996-11-10,,,,
1996-11-17,11.49,12.48,11.57,11.846666666666666
1996-11-24,,,,
1996-12-01,,,,
1996-12-08,,,,
1996-12-15,,,,
1996-12-22,,,,
1996-12-29,,,,
1997-01-05,4.25,4.24,4.88,4.456666666666667
1997-01-12,,,,
1997-01-19,4.09,4.15,4.29,4.176666666666667
1997-01-26,,3.61,3.53,3.57
1997-02-02,,,,
1997-02-09,,,,
1997-02-16,3.07,3.11,,3.09
1997-02-23,2.9,3.18,2.98,3.02
1997-03-02,,,,
1997-03-09,3.5,3.47,3.46,3.4766666666666666
1997-03-16,,,,
1997-03-23,,,,
1997-03-30,5.08,4.92,4.83,4.943333333333333
1997-04-06,7.2,6.58,5.46,6.413333333333334
1997-04-13,6.95,6.65,6.34,6.646666666666667
1997-04-20,9.36,9.0,8.05,8.803333333333333
1997-04-27,8.69,9.09,7.87,8.55
1997-05-04,,,,
1997-05-11,9.31,9.33,8.83,9.156666666666666
1997-05-18,10.5,10.9,10.0,10.466666666666667
1997-05-25,11.35,11.4,11.28,11.343333333333334
1997-06-01,,,,
1997-06-08,,,,
1997-06-15,13.08,13.6,13.37,13.35
1997-06-22,,,,
1997-06-29,,15.69,15.59,15.64
1997-07-06,15.37,15.3,15.43,15.366666666666667
1997-07-13,,17.24,17.43,17.335
1997-07-20,16.31,16.81,,16.56
1997-07-27,18.76,21.36,18.47,19.53
1997-08-03,18.3,20.85,18.49,19.213333333333335
1997-08-10,19.72,21.13,19.65,20.166666666666664
1997-08-17,19.76,19.47,,19.615000000000002
1997-08-24,,,,
1997-08-31,,21.18,19.88,20.53
1997-09-07,,,,
1997-09-14,,,,
1997-09-21,,,,
1997-09-28,17.65,18.32,18.07,18.013333333333332
1997-10-05,18.19,16.89,17.71,17.596666666666668
1997-10-12,,,,
1997-10-19,16.38,16.52,16.73,16.543333333333333
1997-10-26,16.43,15.61,15.53,15.856666666666667
1997-11-02,,,,
1997-11-09,,,,
1997-11-16,,11.68,,11.68
1997-11-23,10.33,10.13,10.65,10.37
1997-11-30,10.32,9.44,10.19,9.983333333333333
1997-12-07,,,,
1997-12-14,,,,
1997-12-21,,,,
1997-12-28,,,,
1998-01-04,,,,
1998-01-11,2.77,4.94,4.12,3.943333333333334
1998-01-18,4.95,3.94,3.58,4.156666666666667
1998-01-25,,,,
1998-02-01,,,,
1998-02-08,,,,
1998-02-15,4.42,4.54,3.99,4.316666666666667
1998-02-22,,,,
1998-03-01,,,,
1998-03-08,3.75,4.38,4.44,4.19
1998-03-15,6.17,6.32,4.64,5.71
1998-03-22,,,,
1998-03-29,6.86,6.77,5.76,6.463333333333334
1998-04-05,,,,
1998-04-12,7.25,7.08,7.3,7.21
1998-04-19,,,,
1998-04-26,8.43,8.39,8.51,8.443333333333333
1998-05-03,9.86,9.55,9.8,9.736666666666666
1998-05-10,,,,
1998-05-17,,,,
1998-05-24,,,,
1998-05-31,,,,
1998-06-07,13.04,13.92,13.09,13.35
1998-06-14,,,,
1998-06-21,15.39,15.48,14.85,15.24
1998-06-28,15.15,17.24,15.06,15.816666666666668
1998-07-05,16.32,16.14,16.16,16.206666666666667
1998-07-12,17.44,17.08,17.27,17.263333333333332
1998-07-19,18.3,18.9,18.24,18.48
1998-07-26,,,,
1998-08-02,19.33,21.11,19.62,20.02
1998-08-09,19.92,21.67,19.76,20.450000000000003
1998-08-16,19.58,21.54,19.33,20.15
1998-08-23,19.74,20.61,19.75,20.03333333333333
1998-08-30,19.54,20.46,19.31,19.77
1998-09-06,19.35,20.56,19.54,19.816666666666666
1998-09-13,,,,
1998-09-20,19.0,19.83,19.18,19.336666666666666
1998-09-27,18.42,19.01,18.51,18.646666666666672
1998-10-04,18.41,18.2,18.35,18.32
1998-10-11,,17.18,,17.18
1998-10-18,16.89,17.24,16.73,16.953333333333333
1998-10-25,14.95,15.23,14.72,14.966666666666667
1998-11-01,13.62,13.49,13.69,13.6
1998-11-08,12.87,12.62,12.18,12.556666666666667
1998-11-15,,,,
1998-11-22,,,,
1998-11-29,9.67,9.85,10.02,9.846666666666666
1998-12-06,,,,
1998-12-13,,,,
1998-12-20,,6.72,7.15,6.9350000000000005
1998-12-27,4.89,4.89,5.99,5.256666666666667
1999-01-03,,,,
1999-01-10,,,,
1999-01-17,,,,
1999-01-24,3.83,3.89,3.67,3.796666666666667
1999-01-31,,,,
1999-02-07,,,,
1999-02-14,,,,
1999-02-21,1.76,,,1.76
1999-02-28,3.68,3.68,,3.68
1999-03-07,,,,
1999-03-14,3.56,,,3.56
1999-03-21,3.82,4.32,4.41,4.183333333333334
1999-03-28,,5.95,,5.95
1999-04-04,5.64,6.13,,5.885
1999-04-11,,7.24,6.87,7.055
1999-04-18,7.44,7.47,8.31,7.739999999999999
1999-04-25,,,,
1999-05-02,8.0,9.54,8.24,8.593333333333334
1999-05-09,,,,
1999-05-16,,,,
1999-05-23,,,,
1999-05-30,12.41,12.63,11.46,12.166666666666666
1999-06-06,13.62,13.26,11.88,12.92
1999-06-13,,,,
1999-06-20,15.94,15.94,15.94,15.94
1999-06-27,,,,
1999-07-04,15.73,15.59,15.87,15.729999999999999
1999-07-11,16.57,17.05,15.32,16.313333333333336
1999-07-18,16.355,17.6,16.145,16.7
1999-07-25,17.67,20.51,16.705,18.295
1999-08-01,18.240000000000002,20.715,17.814999999999998,18.923333333333332
1999-08-08,18.5,21.08,17.88,19.153333333333332
1999-08-15,19.9,19.87,,19.884999999999998
1999-08-22,19.42,20.13,18.56,19.37
1999-08-29,19.71,20.41,19.12,19.74666666666667
1999-09-05,18.67,20.01,18.58,19.08666666666667
1999-09-12,18.43,20.53,18.03,18.996666666666666
1999-09-19,19.24,19.315,19.79,19.448333333333334
1999-09-26,18.07,18.25,18.08,18.133333333333333
1999-10-03,17.86,16.67,17.939999999999998,17.49
1999-10-10,16.47,16.13,15.85,16.15
1999-10-17,,,,
1999-10-24,15.41,15.42,15.510000000000002,15.446666666666667
1999-10-31,,,,
1999-11-07,12.325,12.815,12.254999999999999,12.464999999999998
1999-11-14,,,,
1999-11-21,11.03,10.08,11.08,10.729999999999999
1999-11-28,9.95,10.530000000000001,10.015,10.165000000000001
1999-12-05,,,,
1999-12-12,9.19,9.47,9.26,9.306666666666667
1999-12-19,6.61,6.635,7.275,6.840000000000001
1999-12-26,6.4,6.16,6.0,6.186666666666667
2000-01-02,,,,
2000-01-09,,,,
2000-01-16,,,,
2000-01-23,,,,
2000-01-30,3.38,3.28,3.37,3.3433333333333337
2000-02-06,,2.37,2.76,2.565
2000-02-13,,,,
2000-02-20,3.0,3.68,3.19,3.2899999999999996
2000-02-27,,,,
2000-03-05,,,,
2000-03-12,4.2,,,4.2
2000-03-19,,,,
2000-03-26,6.57,5.82,5.05,5.8133333333333335
2000-04-02,,6.33,5.27,5.8
2000-04-09,5.51,6.01,6.35,5.956666666666666
2000-04-16,6.77,7.27,,7.02
2000-04-23,7.865,8.445,7.43,7.913333333333334
2000-04-30,8.95,9.82,8.57,9.113333333333333
2000-05-07,9.35,10.39,9.95,9.896666666666667
2000-05-14,10.57,10.66,10.55,10.593333333333334
2000-05-21,,,,
2000-05-28,11.56,11.25,11.5,11.436666666666667
2000-06-04,12.53,13.13,12.38,12.68
2000-06-11,13.51,13.38,,13.445
2000-06-18,13.77,15.21,13.65,14.21
2000-06-25,15.675,15.245000000000001,15.075,15.331666666666669
2000-07-02,15.77,16.52,15.98,16.09
2000-07-09,16.765,17.11,16.325,16.733333333333334
2000-07-16,17.35,18.34,17.83,17.84
2000-07-23,17.87,19.33,18.05,18.416666666666668
2000-07-30,18.485,20.784999999999997,18.21,19.16
2000-08-06,19.23,21.03,18.975,19.745
2000-08-13,19.91,20.96,19.51,20.12666666666667
2000-08-20,19.35,21.125,19.305,19.926666666666666
2000-08-27,19.555,20.384999999999998,19.31,19.75
2000-09-03,,,19.08,19.08
2000-09-10,,,,
2000-09-17,19.44,19.44,18.26,19.046666666666667
2000-09-24,18.93,18.76,18.99,18.89333333333333
2000-10-01,18.22,18.065,18.064999999999998,18.116666666666664
2000-10-08,17.740000000000002,17.235,17.104999999999997,17.36
2000-10-15,16.275,16.735,15.985,16.331666666666667
2000-10-22,14.79,15.45,15.5,15.246666666666664
2000-10-29,14.33,,13.98,14.155000000000001
2000-11-05,,,,
2000-11-12,,,,
2000-11-19,,,,
2000-11-26,,10.55,10.77,10.66
2000-12-03,8.44,,,8.44
2000-12-10,,,,
2000-12-17,7.07,6.63,6.67,6.789999999999999
2000-12-24,,,,
2000-12-31,,,,
2001-01-07,,,,
2001-01-14,,,,
2001-01-21,3.71,3.7,,3.705
2001-01-28,,2.57,,2.57
2001-02-04,3.25,3.12,3.13,3.1666666666666665
2001-02-11,,,,
2001-02-18,2.81,3.01,2.97,2.93
2001-02-25,3.25,4.05,3.63,3.643333333333333
2001-03-04,3.8,3.91,3.49,3.733333333333333
2001-03-11,4.075,3.835,3.6950000000000003,3.8683333333333336
2001-03-18,4.555,5.449999999999999,4.24,4.748333333333333
2001-03-25,5.61,5.4350000000000005,4.390000000000001,5.1450000000000005
2001-04-01,6.02,6.07,5.72,5.9366666666666665
2001-04-08,,,,
2001-04-15,7.88,7.975,7.664999999999999,7.84
2001-04-22,7.87,7.88,7.88,7.876666666666666
2001-04-29,,,,
2001-05-06,,,,
2001-05-13,,,10.28,10.28
2001-05-20,11.26,11.83,11.1,11.396666666666667
2001-05-27,13.129999999999999,12.879999999999999,13.14,13.049999999999999
2001-06-03,,14.17,13.41,13.79
2001-06-10,13.4,13.395,13.43,13.408333333333333
2001-06-17,,,,
2001-06-24,14.3,15.06,14.08,14.479999999999999
2001-07-01,15.32,15.08,15.06,15.153333333333334
2001-07-08,16.46,15.845,16.3,16.201666666666668
2001-07-15,17.35,17.17,17.65,17.39
2001-07-22,18.18,18.61,18.22,18.336666666666666
2001-07-29,18.465,18.83,18.52,18.605
2001-08-05,19.045,20.31,18.67,19.34166666666667
2001-08-12,19.57,20.99,19.55,20.036666666666665
2001-08-19,20.14,19.9,19.62,19.886666666666667
2001-08-26,19.33,20.56,18.91,19.599999999999998
2001-09-02,19.165,20.515,19.020000000000003,19.566666666666666
2001-09-09,18.765,19.765,18.53,19.02
2001-09-16,19.43,19.555,19.215,19.400000000000002
2001-09-23,18.73,18.435000000000002,18.86,18.675
2001-09-30,18.405,17.740000000000002,18.47,18.205000000000002
2001-10-07,,,,
2001-10-14,16.48,16.83,17.04,16.783333333333335
2001-10-21,16.295,16.795,15.81,16.3
2001-10-28,14.12,15.5,14.62,14.746666666666664
2001-11-04,14.059999999999999,13.77,13.7,13.843333333333334
2001-11-11,12.625,12.524999999999999,12.614999999999998,12.588333333333333
2001-11-18,,11.31,,11.31
2001-11-25,,,,
2001-12-02,,,,
2001-12-09,10.1,9.96,9.9,9.986666666666666
2001-12-16,,,,
2001-12-23,7.21,7.3,7.85,7.453333333333333
2001-12-30,,,,
2002-01-06,5.86,5.01,6.71,5.86
2002-01-13,4.74,4.86,6.16,5.253333333333334
2002-01-20,4.66,4.345000000000001,5.205,4.736666666666667
2002-01-27,,,4.61,4.61
2002-02-03,3.31,3.12,,3.215
2002-02-10,,,,
2002-02-17,3.5949999999999998,3.1799999999999997,3.31,3.3616666666666664
2002-02-24,4.05,4.21,,4.13
2002-03-03,3.92,4.25,3.61,3.9266666666666663
2002-03-10,,,,
2002-03-17,4.07,4.12,3.62,3.9366666666666674
2002-03-24,,,,
2002-03-31,5.28,5.38,4.22,4.96
2002-04-07,5.89,5.300000000000001,5.335000000000001,5.508333333333334
2002-04-14,,7.3,6.93,7.115
2002-04-21,7.52,7.55,8.29,7.786666666666666
2002-04-28,8.67,9.02,8.58,8.756666666666666
2002-05-05,9.6,8.85,8.92,9.123333333333333
2002-05-12,9.975,10.864999999999998,9.440000000000001,10.093333333333332
2002-05-19,10.99,10.98,11.18,11.049999999999999
2002-05-26,,,,
2002-06-02,,,,
2002-06-09,13.57,13.525,13.055,13.383333333333333
2002-06-16,13.01,14.145,12.825,13.326666666666668
2002-06-23,15.370000000000001,15.925,14.86,15.385
2002-06-30,15.07,15.76,15.01,15.28
2002-07-07,16.03,16.775,15.455,16.086666666666666
2002-07-14,16.23,17.39,16.08,16.566666666666666
2002-07-21,16.48,18.48,16.91,17.290000000000003
2002-07-28,16.93,20.59,17.6,18.37333333333333
2002-08-04,18.439999999999998,19.715,18.55,18.901666666666667
2002-08-11,17.96,20.87,17.81,18.88
2002-08-18,19.32,21.06,19.71,20.029999999999998
2002-08-25,19.68,20.91,19.7,20.096666666666668
2002-09-01,19.66,,,19.66
2002-09-08,19.45,19.18,18.94,19.189999999999998
2002-09-15,19.52,20.27,19.11,19.633333333333333
2002-09-22,19.1,19.28,18.97,19.116666666666667
2002-09-29,18.4,18.335,18.59,18.441666666666666
2002-10-06,17.42,17.0,17.25,17.223333333333333
2002-10-13,16.645,16.28,16.355,16.426666666666666
2002-10-20,15.64,15.635,15.89,15.721666666666666
2002-10-27,14.5,14.0,14.5,14.333333333333334
2002-11-03,12.55,13.98,12.4,12.976666666666667
2002-11-10,12.2,12.87,12.57,12.546666666666667
2002-11-17,11.82,11.66,11.74,11.74
2002-11-24,,11.275,,11.275
2002-12-01,10.5,10.555,9.23,10.095
2002-12-08,,,,
2002-12-15,6.72,6.31,6.66,6.563333333333333
2002-12-22,,,,
2002-12-29,4.6,4.34,4.72,4.553333333333334
2003-01-05,,,,
2003-01-12,5.09,4.4350000000000005,5.52,5.015
2003-01-19,4.85,5.3,5.29,5.146666666666666
2003-01-26,4.33,3.6,4.33,4.086666666666667
2003-02-02,,,,
2003-02-09,3.5650000000000004,3.945,4.305,3.938333333333333
2003-02-16,,,,
2003-02-23,3.78,,,3.78
2003-03-02,3.6,4.08,4.53,4.07
2003-03-09,4.015,4.035,4.55,4.2
2003-03-16,,5.07,5.07,5.07
2003-03-23,4.98,5.025,5.165,5.0566666666666675
2003-03-30,5.47,5.645,5.76,5.625
2003-04-06,5.91,7.75,6.11,6.59
2003-04-13,7.085,6.8,6.89,6.925
2003-04-20,7.99,8.08,7.59,7.886666666666667
2003-04-27,,,,
2003-05-04,8.75,10.24,8.56,9.183333333333335
2003-05-11,9.69,10.46,8.96,9.703333333333333
2003-05-18,,,,
2003-05-25,11.48,11.91,10.48,11.290000000000001
2003-06-01,12.27,12.6,12.31,12.393333333333333
2003-06-08,13.09,14.09,,13.59
2003-06-15,14.34,14.25,14.25,14.280000000000001
2003-06-22,,,,
2003-06-29,14.69,16.27,14.67,15.21
2003-07-06,16.15,16.45,16.07,16.223333333333333
2003-07-13,17.49,18.12,17.67,17.76
2003-07-20,18.16,20.68,18.58,19.14
2003-07-27,18.885,20.82,19.1,19.601666666666667
2003-08-03,,,,
2003-08-10,19.66,21.5,20.12,20.426666666666666
2003-08-17,19.68,21.47,20.2,20.45
2003-08-24,19.945,21.42,20.28,20.548333333333336
2003-08-31,19.965,20.78,20.025,20.256666666666668
2003-09-07,19.49,20.16,20.78,20.143333333333334
2003-09-14,19.08,19.83,19.59,19.5
2003-09-21,18.72,19.04,18.435000000000002,18.731666666666666
2003-09-28,18.54,19.04,18.74,18.77333333333333
2003-10-05,18.03,17.73,19.01,18.25666666666667
2003-10-12,17.53,17.6,18.89,18.006666666666668
2003-10-19,16.509999999999998,16.229999999999997,17.075,16.605
2003-10-26,16.2,16.94,16.17,16.436666666666667
2003-11-02,14.49,15.08,14.68,14.75
2003-11-09,12.16,12.77,12.32,12.416666666666666
2003-11-16,11.91,11.92,11.92,11.916666666666666
2003-11-23,11.09,11.19,10.69,10.99
2003-11-30,9.44,8.8,9.14,9.126666666666667
2003-12-07,,,,
2003-12-14,7.63,7.73,8.27,7.876666666666666
2003-12-21,7.07,6.71,7.13,6.97
2003-12-28,6.16,6.13,4.94,5.743333333333333
2004-01-04,4.75,4.7,4.72,4.723333333333333
2004-01-11,,,,
2004-01-18,,,,
2004-01-25,,,,
2004-02-01,,,,
2004-02-08,,,,
2004-02-15,3.245,3.0949999999999998,2.92,3.0866666666666664
2004-02-22,3.01,3.035,,3.0225
2004-02-29,,,,
2004-03-07,4.08,4.005,3.6,3.895
2004-03-14,4.35,4.91,4.4,4.553333333333334
2004-03-21,5.82,5.86,5.61,5.763333333333333
2004-03-28,5.82,5.75,5.59,5.72
2004-04-04,6.04,6.04,6.38,6.153333333333333
2004-04-11,6.725,6.095000000000001,6.855,6.558333333333334
2004-04-18,8.684999999999999,7.08,8.05,7.938333333333333
2004-04-25,8.29,8.46,8.18,8.31
2004-05-02,9.74,11.54,9.67,10.316666666666668
2004-05-09,10.055,10.71,10.465,10.41
2004-05-16,,,,
2004-05-23,,,,
2004-05-30,12.129999999999999,12.675,12.355,12.386666666666665
2004-06-06,13.16,13.905000000000001,13.004999999999999,13.356666666666667
2004-06-13,13.57,14.25,13.82,13.88
2004-06-20,14.64,15.94,14.605,15.061666666666667
2004-06-27,16.06,15.97,16.259999999999998,16.096666666666668
2004-07-04,16.855,17.07,17.01,16.978333333333335
2004-07-11,16.67,18.44,17.37,17.493333333333336
2004-07-18,17.31,18.25,17.7,17.753333333333334
2004-07-25,18.345,19.5,18.25,18.698333333333334
2004-08-01,18.975,20.36,19.509999999999998,19.615
2004-08-08,19.48,21.65,19.555,20.22833333333333
2004-08-15,19.855,20.48,20.549999999999997,20.294999999999998
2004-08-22,19.93,19.76,20.41,20.03333333333333
2004-08-29,19.52,20.130000000000003,19.87,19.840000000000003
2004-09-05,19.49,20.62,19.28,19.796666666666667
2004-09-12,18.9,20.21,19.31,19.473333333333333
2004-09-19,19.435000000000002,19.495,19.13,19.353333333333335
2004-09-26,18.085,18.61,18.015,18.236666666666668
2004-10-03,18.2,17.08,18.34,17.873333333333335
2004-10-10,17.47,17.145000000000003,17.52,17.378333333333334
2004-10-17,17.06,,16.98,17.02
2004-10-24,15.03,15.29,,15.16
2004-10-31,13.64,13.88,13.68,13.733333333333334
2004-11-07,,,,
2004-11-14,13.0,13.22,12.7,12.973333333333334
2004-11-21,12.095,12.504999999999999,12.344999999999999,12.315
2004-11-28,12.64,12.96,12.62,12.74
2004-12-05,,,,
2004-12-12,6.94,6.58,6.5,6.673333333333333
2004-12-19,6.4,5.77,6.83,6.333333333333333
2004-12-26,,,,
2005-01-02,4.74,4.65,4.74,4.71
2005-01-09,4.54,4.21,4.71,4.486666666666667
2005-01-16,5.14,5.18,5.06,5.126666666666666
2005-01-23,3.82,3.78,3.81,3.8033333333333332
2005-01-30,3.16,3.36,3.17,3.23
2005-02-06,3.65,3.98,3.15,3.5933333333333333
2005-02-13,3.18,3.595,3.0599999999999996,3.2783333333333338
2005-02-20,3.2,3.0,1.81,2.67
2005-02-27,4.0,4.25,3.51,3.92
2005-03-06,,,,
2005-03-13,4.88,5.975,4.68,5.178333333333334
2005-03-20,4.325,4.57,4.375,4.423333333333333
2005-03-27,5.11,5.285,4.66,5.0183333333333335
2005-04-03,5.92,,,5.92
2005-04-10,6.31,6.64,6.71,6.553333333333334
2005-04-17,6.89,7.36,6.96,7.07
2005-04-24,6.69,6.98,7.05,6.906666666666667
2005-05-01,8.43,8.9,8.809999999999999,8.713333333333333
2005-05-08,9.76,9.565000000000001,9.84,9.721666666666668
2005-05-15,10.495000000000001,10.585,10.39,10.49
2005-05-22,,,,
2005-05-29,12.754999999999999,12.879999999999999,12.915,12.85
2005-06-05,14.33,12.98,14.25,13.853333333333333
2005-06-12,13.26,14.4,13.72,13.793333333333335
2005-06-19,13.64,14.26,13.8,13.9
2005-06-26,15.03,14.945,15.74,15.238333333333335
2005-07-03,15.89,16.725,15.975,16.19666666666667
2005-07-10,16.98,17.47,16.735,17.061666666666667
2005-07-17,17.07,19.27,17.4,17.913333333333334
2005-07-24,17.875,20.22,18.22,18.771666666666665
2005-07-31,18.205,21.509999999999998,18.990000000000002,19.56833333333333
2005-08-07,19.46,20.76,19.56,19.926666666666666
2005-08-14,19.33,21.0,19.43,19.919999999999998
2005-08-21,19.814999999999998,21.240000000000002,19.994999999999997,20.349999999999998
2005-08-28,19.8,20.83,19.465,20.031666666666666
2005-09-04,19.2,19.939999999999998,19.200000000000003,19.44666666666667
2005-09-11,19.200000000000003,20.595,19.115000000000002,19.636666666666667
2005-09-18,19.75,19.02,19.58,19.45
2005-09-25,18.215,18.515,18.1,18.276666666666667
2005-10-02,17.55,17.56,,17.555
2005-10-09,16.38,17.36,17.07,16.936666666666664
2005-10-16,17.564999999999998,16.6,17.085,17.083333333333332
2005-10-23,15.94,17.81,15.77,16.506666666666664
2005-10-30,14.44,14.34,14.4,14.393333333333333
2005-11-06,,11.88,12.39,12.135000000000002
2005-11-13,11.51,13.12,12.185,12.271666666666667
2005-11-20,,,,
2005-11-27,,,,
2005-12-04,,,,
2005-12-11,,,,
2005-12-18,,,,
2005-12-25,,,,
2006-01-01,,,,
2006-01-08,,,,
2006-01-15,4.68,4.34,4.83,4.616666666666666
2006-01-22,,,,
2006-01-29,,,,
2006-02-05,3.54,4.14,3.66,3.78
2006-02-12,3.72,3.79,3.71,3.7399999999999998
2006-02-19,3.39,3.79,3.375,3.518333333333333
2006-02-26,3.7,3.835,3.84,3.7916666666666665
2006-03-05,3.995,4.115,3.6950000000000003,3.935
2006-03-12,4.62,4.495,3.7649999999999997,4.293333333333333
2006-03-19,,,,
2006-03-26,5.6,5.49,5.21,5.433333333333334
2006-04-02,5.5,5.42,5.31,5.41
2006-04-09,,,,
2006-04-16,,,,
2006-04-23,,9.16,8.34,8.75
2006-04-30,8.975000000000001,9.805,8.754999999999999,9.178333333333333
2006-05-07,,,,
2006-05-14,10.12,10.2,10.65,10.323333333333332
2006-05-21,10.44,10.5,10.91,10.616666666666665
2006-05-28,,,11.51,11.51
2006-06-04,12.39,12.615,12.645,12.550000000000002
2006-06-11,13.005,13.555,13.355,13.305000000000001
2006-06-18,14.08,15.34,14.185,14.535000000000002
2006-06-25,14.915,15.89,15.125,15.31
2006-07-02,16.455,16.59,16.66,16.56833333333333
2006-07-09,16.83,17.64,17.46,17.31
2006-07-16,17.37,18.08,17.44,17.63
2006-07-23,18.09,20.055,17.909999999999997,18.685
2006-07-30,18.875,21.175,18.845,19.631666666666664
2006-08-06,19.32,20.994999999999997,19.244999999999997,19.85333333333333
2006-08-13,19.740000000000002,20.58,19.595,19.971666666666668
2006-08-20,19.755,21.095,20.380000000000003,20.41
2006-08-27,19.685000000000002,20.884999999999998,20.235,20.268333333333334
2006-09-03,19.77,19.57,19.82,19.720000000000002
2006-09-10,19.95,20.56,19.93,20.146666666666665
2006-09-17,19.265,20.205,19.8,19.756666666666664
2006-09-24,19.14,19.51,18.82,19.15666666666667
2006-10-01,18.4,18.265,18.520000000000003,18.395
2006-10-08,,,17.1,17.1
2006-10-15,16.814999999999998,16.405,17.005000000000003,16.741666666666667
2006-10-22,15.485,15.545,15.86,15.63
2006-10-29,14.57,15.28,14.58,14.81
2006-11-05,14.05,14.42,14.08,14.183333333333332
2006-11-12,,,,
2006-11-19,,,,
2006-11-26,10.82,10.77,10.75,10.780000000000001
2006-12-03,8.344999999999999,8.285,8.67,8.433333333333332
2006-12-10,,7.89,7.89,7.89
2006-12-17,7.220000000000001,7.21,7.62,7.3500000000000005
2006-12-24,,,,
2006-12-31,,,,
2007-01-07,,,,
2007-01-14,,,,
2007-01-21,,,,
2007-01-28,,2.925,2.67,2.7975
2007-02-04,,2.63,,2.63
2007-02-11,,,,
2007-02-18,2.99,4.04,2.91,3.313333333333334
2007-02-25,,,,
2007-03-04,3.26,,,3.26
2007-03-11,,4.15,2.83,3.49
2007-03-18,3.94,4.09,4.03,4.02
2007-03-25,,,,
2007-04-01,5.81,6.45,5.22,5.826666666666667
2007-04-08,6.53,7.109999999999999,6.025,6.555
2007-04-15,7.02,8.05,6.89,7.32
2007-04-22,,,,
2007-04-29,8.559999999999999,8.475000000000001,7.93,8.321666666666667
2007-05-06,,,,
2007-05-13,10.309999999999999,11.08,10.09,10.493333333333334
2007-05-20,11.525,12.004999999999999,10.93,11.486666666666666
2007-05-27,12.07,11.925,11.9,11.965000000000002
2007-06-03,12.68,13.07,13.58,13.11
2007-06-10,13.26,13.85,13.29,13.466666666666667
2007-06-17,13.13,14.12,13.21,13.486666666666666
2007-06-24,14.605,15.79,14.43,14.941666666666668
2007-07-01,15.4,15.49,15.32,15.403333333333334
2007-07-08,17.23,17.005000000000003,17.189999999999998,17.141666666666666
2007-07-15,,,,
2007-07-22,17.88,18.7,17.87,18.150000000000002
2007-07-29,19.14,21.605,18.835,19.860000000000003
2007-08-05,19.1,20.31,19.17,19.526666666666667
2007-08-12,19.8,21.78,19.69,20.423333333333332
2007-08-19,19.59,20.985,19.630000000000003,20.068333333333335
2007-08-26,19.564999999999998,21.064999999999998,19.715,20.115
2007-09-02,19.61,20.485,19.884999999999998,19.993333333333332
2007-09-09,19.735,20.119999999999997,19.905,19.919999999999998
2007-09-16,19.115000000000002,19.0,19.96,19.358333333333334
2007-09-23,18.145,18.445,18.060000000000002,18.21666666666667
2007-09-30,,,,
2007-10-07,17.82,16.47,17.1,17.13
2007-10-14,,,,
2007-10-21,,15.73,15.65,15.690000000000001
2007-10-28,16.04,15.65,15.04,15.576666666666666
2007-11-04,13.43,13.97,13.67,13.69
2007-11-11,,,,
2007-11-18,,,,
2007-11-25,,,,
2007-12-02,,,,
2007-12-09,9.31,9.46,9.11,9.293333333333335
2007-12-16,,,,
2007-12-23,6.81,6.81,6.92,6.846666666666667
2007-12-30,,,,
2008-01-06,4.6,4.59,4.72,4.636666666666667
2008-01-13,,,,
2008-01-20,,,,
2008-01-27,3.33,3.49,2.96,3.2600000000000002
2008-02-03,2.22,2.13,2.21,2.1866666666666665
2008-02-10,,,,
2008-02-17,2.54,2.61,2.45,2.5333333333333337
2008-02-24,2.88,2.82,2.61,2.7699999999999996
2008-03-02,3.42,3.4,3.44,3.42
2008-03-09,3.935,3.8949999999999996,4.03,3.953333333333333
2008-03-16,4.21,5.04,3.99,4.413333333333333
2008-03-23,4.0,3.89,,3.9450000000000003
2008-03-30,4.745,4.945,5.220000000000001,4.970000000000001
2008-04-06,5.215,5.67,5.335,5.406666666666666
2008-04-13,6.335,6.49,6.359999999999999,6.395
2008-04-20,6.96,7.345000000000001,6.92,7.075
2008-04-27,7.63,7.655,7.38,7.555
2008-05-04,8.89,9.33,8.63,8.950000000000001
2008-05-11,9.48,9.84,9.38,9.566666666666668
2008-05-18,10.34,10.41,9.62,10.123333333333333
2008-05-25,,,,
2008-06-01,12.27,,,12.27
2008-06-08,13.03,14.14,13.58,13.583333333333334
2008-06-15,13.68,13.73,12.76,13.39
2008-06-22,,,,
2008-06-29,15.645,15.899999999999999,14.905000000000001,15.483333333333334
2008-07-06,16.35,16.92,15.86,16.37666666666667
2008-07-13,16.4,16.19,15.9,16.163333333333334
2008-07-20,16.9,18.94,16.96,17.6
2008-07-27,18.06,20.71,17.99,18.919999999999998
2008-08-03,18.175,20.79,18.34,19.10166666666667
2008-08-10,19.11,18.75,19.63,19.16333333333333
2008-08-17,19.53,21.23,19.84,20.200000000000003
2008-08-24,19.835,19.7,20.16,19.89833333333333
2008-08-31,19.14,19.77,18.74,19.216666666666665
2008-09-07,19.03,20.6,18.54,19.39
2008-09-14,19.035,20.384999999999998,19.43,19.616666666666667
2008-09-21,19.295,19.28,19.565,19.38
2008-09-28,18.125,18.585,18.380000000000003,18.363333333333333
2008-10-05,,,,
2008-10-12,16.405,16.6,16.424999999999997,16.476666666666667
2008-10-19,15.525,15.615,15.52,15.553333333333333
2008-10-26,14.24,14.14,14.47,14.283333333333333
2008-11-02,14.24,14.96,14.44,14.546666666666667
2008-11-09,,,,
2008-11-16,,,,
2008-11-23,,,,
2008-11-30,,,,
2008-12-07,9.23,9.26,9.47,9.32
2008-12-14,,,,
2008-12-21,,,,
2008-12-28,,6.02,5.76,5.89
2009-01-04,,,,
2009-01-11,4.56,4.72,4.41,4.5633333333333335
2009-01-18,,4.08,,4.08
2009-01-25,,,,
2009-02-01,1.87,2.82,1.895,2.195
2009-02-08,,,2.07,2.07
2009-02-15,,,,
2009-02-22,,,,
2009-03-01,3.16,3.95,2.88,3.33
2009-03-08,3.84,3.6,3.11,3.516666666666666
2009-03-15,3.52,3.55,3.105,3.391666666666667
2009-03-22,4.01,4.765000000000001,3.47,4.081666666666667
2009-03-29,,,,
2009-04-05,5.57,6.045,5.12,5.578333333333333
2009-04-12,,,,
2009-04-19,,7.5,6.03,6.765000000000001
2009-04-26,7.535,7.715,6.414999999999999,7.221666666666667
2009-05-03,,,,
2009-05-10,9.59,9.29,,9.44
2009-05-17,10.405000000000001,10.795,9.620000000000001,10.273333333333335
2009-05-24,11.335,11.58,11.350000000000001,11.421666666666667
2009-05-31,12.4,12.87,12.445,12.571666666666667
2009-06-07,13.9,13.45,,13.675
2009-06-14,13.26,14.32,13.18,13.586666666666666
2009-06-21,14.1,13.94,14.7,14.246666666666664
2009-06-28,15.005,15.895,14.94,15.28
2009-07-05,16.58,15.7,16.825,16.368333333333336
2009-07-12,17.225,18.049999999999997,17.435,17.569999999999997
2009-07-19,17.945,19.375,18.05,18.456666666666667
2009-07-26,19.2,21.45,19.79,20.146666666666665
2009-08-02,19.22,19.24,19.54,19.333333333333332
2009-08-09,18.99,22.04,19.45,20.16
2009-08-16,19.68,20.12,19.79,19.863333333333333
2009-08-23,19.59,21.235,19.525,20.116666666666667
2009-08-30,19.725,19.77,19.384999999999998,19.62666666666667
2009-09-06,19.415,19.595,19.66,19.55666666666667
2009-09-13,19.59,20.384999999999998,19.685000000000002,19.886666666666667
2009-09-20,18.81,18.905,18.985,18.900000000000002
2009-09-27,18.41,18.59,18.47,18.49
2009-10-04,18.26,18.04,18.41,18.236666666666665
2009-10-11,17.53,16.53,16.7,16.92
2009-10-18,15.85,16.21,14.96,15.673333333333334
2009-10-25,,,,
2009-11-01,,,,
2009-11-08,13.059999999999999,13.13,13.07,13.086666666666666
2009-11-15,12.04,12.47,11.74,12.083333333333334
2009-11-22,,,,
2009-11-29,,,,
2009-12-06,,8.21,8.27,8.24
2009-12-13,7.515000000000001,7.140000000000001,7.65,7.435
2009-12-20,6.34,6.52,6.43,6.43
2009-12-27,,6.38,,6.38
2010-01-03,5.0,5.96,,5.48
2010-01-10,,,,
2010-01-17,,,,
2010-01-24,,4.63,4.41,4.52
2010-01-31,,,,
2010-02-07,3.22,3.06,3.13,3.1366666666666667
2010-02-14,,,,
2010-02-21,4.24,4.16,3.7750000000000004,4.058333333333334
2010-02-28,,4.42,3.91,4.165
2010-03-07,4.88,4.185,4.455,4.506666666666667
2010-03-14,3.92,4.14,4.45,4.169999999999999
2010-03-21,,5.0,4.93,4.965
2010-03-28,6.04,6.15,5.52,5.903333333333333
2010-04-04,5.8,6.58,6.12,6.166666666666667
2010-04-11,6.64,7.63,6.49,6.919999999999999
2010-04-18,8.025,7.65,7.609999999999999,7.761666666666667
2010-04-25,8.260000000000002,8.66,8.395,8.438333333333334
2010-05-02,9.13,9.37,9.04,9.18
2010-05-09,11.06,11.7,9.23,10.663333333333332
2010-05-16,,,,
2010-05-23,,,,
2010-05-30,,,,
2010-06-06,13.22,13.48,,13.350000000000001
2010-06-13,13.125,13.774999999999999,12.975,13.291666666666666
2010-06-20,14.63,14.82,13.42,14.290000000000001
2010-06-27,15.55,16.06,14.61,15.406666666666666
2010-07-04,16.65,17.47,15.35,16.49
2010-07-11,16.39,16.35,15.52,16.08666666666667
2010-07-18,17.305,18.23,16.65,17.395
2010-07-25,18.07,19.39,18.025,18.495
2010-08-01,19.18,21.61,19.04,19.94333333333333
2010-08-08,19.05,21.26,19.79,20.033333333333335
2010-08-15,19.5,21.12,19.439999999999998,20.02
2010-08-22,20.16,21.59,19.36,20.37
2010-08-29,19.34,19.16,19.13,19.209999999999997
2010-09-05,,,,
2010-09-12,18.61,20.28,18.05,18.98
2010-09-19,19.1,19.81,18.67,19.19333333333333
2010-09-26,18.5,18.85,18.54,18.63
2010-10-03,18.560000000000002,18.015,18.585,18.386666666666667
2010-10-10,,,,
2010-10-17,17.060000000000002,16.32,16.58,16.653333333333332
2010-10-24,,,,
2010-10-31,,,,
2010-11-07,13.44,13.87,14.37,13.893333333333333
2010-11-14,,,,
2010-11-21,11.98,12.55,11.99,12.173333333333334
2010-11-28,,,,
2010-12-05,,,,
2010-12-12,,,,
2010-12-19,,7.05,6.97,7.01
2010-12-26,,,,
2011-01-02,5.63,6.43,,6.029999999999999
2011-01-09,4.61,4.68,4.72,4.669999999999999
2011-01-16,3.75,4.04,4.28,4.023333333333333
2011-01-23,,,,
2011-01-30,,,,
2011-02-06,,,,
2011-02-13,2.69,,,2.69
2011-02-20,,,,
2011-02-27,3.22,3.81,2.76,3.263333333333333
2011-03-06,3.17,,2.22,2.6950000000000003
2011-03-13,4.3,4.61,3.28,4.0633333333333335
2011-03-20,,4.05,3.56,3.8049999999999997
2011-03-27,5.17,5.27,4.62,5.02
2011-04-03,5.9,6.24,5.17,5.7700000000000005
2011-04-10,,,,
2011-04-17,7.65,6.89,5.67,6.736666666666667
2011-04-24,7.4,8.07,6.49,7.32
2011-05-01,8.59,8.94,7.47,8.333333333333334
2011-05-08,9.184999999999999,9.065000000000001,8.475,8.908333333333333
2011-05-15,10.594999999999999,11.71,9.92,10.741666666666667
2011-05-22,,11.97,12.3,12.135000000000002
2011-05-29,12.185,12.030000000000001,11.935,12.050000000000002
2011-06-05,12.72,13.84,12.9,13.153333333333334
2011-06-12,,,,
2011-06-19,14.23,15.004999999999999,13.03,14.088333333333333
2011-06-26,15.02,16.23,15.125,15.458333333333334
2011-07-03,14.87,15.72,15.67,15.42
2011-07-10,15.67,17.034999999999997,16.5,16.401666666666667
2011-07-17,16.33,18.68,16.475,17.161666666666665
2011-07-24,17.775,19.845,16.525,18.048333333333332
2011-07-31,18.65,21.66,17.59,19.3
2011-08-07,18.25,21.69,17.86,19.266666666666666
2011-08-14,19.5,21.515,18.39,19.801666666666666
2011-08-21,19.855,21.564999999999998,18.78,20.066666666666666
2011-08-28,19.98,20.57,19.21,19.919999999999998
2011-09-04,19.244999999999997,20.73,19.244999999999997,19.74
2011-09-11,19.445,20.25,19.759999999999998,19.81833333333333
2011-09-18,18.87,19.78,18.68,19.110000000000003
2011-09-25,,,,
2011-10-02,17.59,18.7,,18.145
2011-10-09,,,,
2011-10-16,16.63,17.01,16.73,16.790000000000003
2011-10-23,15.08,16.09,16.14,15.770000000000001
2011-10-30,14.34,13.26,15.37,14.323333333333332
2011-11-06,13.19,13.43,13.42,13.346666666666666
2011-11-13,,,,
2011-11-20,10.33,10.33,10.33,10.33
2011-11-27,,,,
2011-12-04,,,,
2011-12-11,8.68,8.42,9.0,8.700000000000001
2011-12-18,,,,
2011-12-25,5.65,6.16,6.29,6.033333333333334
2012-01-01,,,,
2012-01-08,,,,
2012-01-15,,,,
2012-01-22,,,,
2012-01-29,2.08,2.19,1.98,2.0833333333333335
2012-02-05,,3.12,,3.12
2012-02-12,,,,
2012-02-19,,,2.62,2.62
2012-02-26,,,,
2012-03-04,3.69,3.75,3.38,3.606666666666667
2012-03-11,,,,
2012-03-18,,,,
2012-03-25,5.81,5.81,5.81,5.81
2012-04-01,,,,
2012-04-08,5.73,6.45,5.29,5.823333333333333
2012-04-15,7.52,6.21,5.66,6.463333333333334
2012-04-22,8.07,8.78,7.16,8.003333333333334
2012-04-29,8.73,8.85,8.33,8.636666666666665
2012-05-06,,,,
2012-05-13,10.07,11.28,9.44,10.263333333333334
2012-05-20,10.72,10.46,10.93,10.703333333333333
2012-05-27,,,,
2012-06-03,,,,
2012-06-10,13.31,13.12,12.99,13.14
2012-06-17,13.96,16.69,14.97,15.206666666666669
2012-06-24,15.33,17.51,15.89,16.243333333333336
2012-07-01,15.81,16.32,,16.065
2012-07-08,,,,
2012-07-15,17.37,19.18,17.11,17.886666666666667
2012-07-22,,,,
2012-07-29,18.98,21.84,18.5,19.773333333333333
2012-08-05,19.36,21.78,18.02,19.72
2012-08-12,19.72,21.76,18.64,20.040000000000003
2012-08-19,19.02,21.73,19.24,19.996666666666666
2012-08-26,,,,
2012-09-02,19.17,20.25,18.65,19.356666666666666
2012-09-09,19.51,20.55,18.73,19.596666666666668
2012-09-16,18.86,19.84,18.7,19.133333333333336
2012-09-23,18.83,18.82,18.4,18.683333333333334
2012-09-30,,18.48,17.02,17.75
2012-10-07,17.12,16.78,17.34,17.080000000000002
2012-10-14,,,,
2012-10-21,15.25,14.51,15.43,15.063333333333333
2012-10-28,,,,
2012-11-04,,,,
2012-11-11,12.95,12.68,12.57,12.733333333333334
2012-11-18,,,,
2012-11-25,10.58,11.28,11.19,11.016666666666666
2012-12-02,10.51,9.94,10.53,10.326666666666666
2012-12-09,,,,
2012-12-16,,,,
2012-12-23,7.26,7.13,7.28,7.223333333333334
2012-12-30,7.15,6.6,6.94,6.896666666666667
2013-01-06,,,,
2013-01-13,5.24,4.51,4.98,4.91
2013-01-20,,,,
2013-01-27,,,,
2013-02-03,,,,
2013-02-10,4.65,4.14,3.56,4.116666666666666
2013-02-17,,,,
2013-02-24,3.57,3.07,3.56,3.4
2013-03-03,3.87,4.3,3.54,3.9033333333333338
2013-03-10,5.24,4.48,4.06,4.593333333333334
2013-03-17,,,,
2013-03-24,,5.6,5.2,5.4
2013-03-31,6.28,7.99,6.11,6.793333333333333
2013-04-07,,,,
2013-04-14,7.29,8.63,,7.960000000000001
2013-04-21,7.405,7.985,6.6,7.330000000000001
2013-04-28,8.62,8.0,7.86,8.159999999999998
2013-05-05,9.31,9.77,9.11,9.396666666666667
2013-05-12,10.49,10.46,11.14,10.696666666666667
2013-05-19,,11.1,,11.1
2013-05-26,12.4,13.21,11.645,12.418333333333331
2013-06-02,13.71,12.75,,13.23
2013-06-09,13.25,14.19,13.1,13.513333333333334
2013-06-16,13.55,14.395,14.27,14.071666666666667
2013-06-23,,,,
2013-06-30,,,,
2013-07-07,16.994999999999997,17.61,16.755,17.12
2013-07-14,17.915,18.64,17.49,18.015
2013-07-21,19.16,20.5,18.32,19.326666666666664
2013-07-28,19.23,21.41,19.36,20.0
2013-08-04,19.38,21.26,19.5,20.046666666666667
2013-08-11,20.16,21.6,19.49,20.416666666666668
2013-08-18,,19.605,20.54,20.072499999999998
2013-08-25,20.27,21.59,20.42,20.76
2013-09-01,19.985,20.63,19.935000000000002,20.183333333333334
2013-09-08,19.39,20.07,20.6,20.02
2013-09-15,19.91,19.44,21.07,20.14
2013-09-22,,,,
2013-09-29,,,,
2013-10-06,17.74,18.16,17.9,17.933333333333334
2013-10-13,16.78,17.05,16.18,16.669999999999998
2013-10-20,16.064999999999998,15.645,15.905,15.871666666666664
2013-10-27,15.89,15.16,16.064999999999998,15.704999999999998
2013-11-03,14.23,14.18,14.355,14.255
2013-11-10,,,,
2013-11-17,,,,
2013-11-24,,,,
2013-12-01,8.92,9.1,10.05,9.356666666666667
2013-12-08,8.754999999999999,8.67,8.84,8.754999999999999
2013-12-15,6.42,6.56,6.77,6.583333333333333
2013-12-22,,,,
2013-12-29,,6.02,,6.02
2014-01-05,4.9350000000000005,3.87,4.99,4.598333333333334
2014-01-12,4.09,3.51,4.97,4.19
2014-01-19,,,,
2014-01-26,,,,
2014-02-02,,,,
2014-02-09,2.91,2.5,2.1799999999999997,2.53
2014-02-16,2.55,2.56,2.27,2.4599999999999995
2014-02-23,2.225,2.84,3.18,2.748333333333333
2014-03-02,,,,
2014-03-09,3.66,3.98,,3.8200000000000003
2014-03-16,3.77,4.14,3.65,3.8533333333333335
2014-03-23,4.025,4.15,4.1,4.091666666666667
2014-03-30,,,,
2014-04-06,5.08,5.18,4.75,5.003333333333333
2014-04-13,6.1899999999999995,6.675,6.08,6.315
2014-04-20,6.89,7.06,6.51,6.82
2014-04-27,8.17,8.79,7.84,8.266666666666667
2014-05-04,,,,
2014-05-11,8.49,10.16,9.56,9.403333333333334
2014-05-18,10.245000000000001,10.93,10.34,10.505
2014-05-25,11.33,11.705,11.305,11.446666666666667
2014-06-01,12.120000000000001,12.285,11.940000000000001,12.115
2014-06-08,13.485,14.075,13.55,13.703333333333333
2014-06-15,13.82,13.85,13.77,13.813333333333333
2014-06-22,14.62,17.26,14.72,15.533333333333333
2014-06-29,15.25,16.24,15.41,15.633333333333333
2014-07-06,15.69,15.21,15.52,15.473333333333334
2014-07-13,17.415,18.775,17.0,17.73
2014-07-20,17.174999999999997,19.525,17.61,18.10333333333333
2014-07-27,,,17.39,17.39
2014-08-03,19.56,19.05,18.74,19.116666666666664
2014-08-10,19.165,21.564999999999998,19.6,20.11
2014-08-17,20.39,21.060000000000002,20.155,20.535
2014-08-24,,19.63,20.06,19.845
2014-08-31,20.17,21.35,20.25,20.59
2014-09-07,19.555,20.79,19.32,19.888333333333332
2014-09-14,19.68,19.41,,19.545
2014-09-21,18.93,,,18.93
2014-09-28,18.24,18.59,,18.415
2014-10-05,18.244999999999997,17.405,18.08,17.91
2014-10-12,18.1,18.01,18.05,18.05333333333333
2014-10-19,,,16.95,16.95
2014-10-26,,,,
2014-11-02,14.62,,,14.62
2014-11-09,,,,
2014-11-16,12.4,12.07,12.85,12.44
2014-11-23,,,,
2014-11-30,8.83,10.3,10.52,9.883333333333335
2014-12-07,6.64,8.67,6.84,7.383333333333333
2014-12-14,,,,
2014-12-21,5.98,7.17,8.34,7.163333333333334
2014-12-28,7.21,7.16,7.6,7.323333333333333
2015-01-04,5.57,4.69,6.05,5.436666666666667
2015-01-11,4.62,3.87,4.88,4.456666666666667
2015-01-18,,4.33,4.37,4.35
2015-01-25,3.46,,3.33,3.395
2015-02-01,,,,
2015-02-08,,,,
2015-02-15,,,,
2015-02-22,4.02,4.885,4.245,4.383333333333333
2015-03-01,4.32,4.4,4.06,4.260000000000001
2015-03-08,4.390000000000001,3.6950000000000003,4.23,4.105
2015-03-15,5.95,5.46,,5.705
2015-03-22,6.87,5.82,6.09,6.260000000000001
2015-03-29,6.39,6.71,6.52,6.539999999999999
2015-04-05,6.05,,,6.05
2015-04-12,,,,
2015-04-19,7.89,7.78,7.46,7.71
2015-04-26,7.96,9.61,8.455,8.674999999999999
2015-05-03,9.375,9.684999999999999,9.895,9.651666666666666
2015-05-10,10.184999999999999,10.085,10.88,10.383333333333333
2015-05-17,11.4,11.49,11.39,11.426666666666668
2015-05-24,12.31,12.24,13.41,12.653333333333334
2015-05-31,,,,
2015-06-07,,13.98,14.68,14.33
2015-06-14,15.605,15.04,16.21,15.618333333333334
2015-06-21,15.855,15.23,16.855,15.979999999999999
2015-06-28,15.940000000000001,15.765,17.240000000000002,16.315
2015-07-05,18.4,19.015,18.765,18.726666666666667
2015-07-12,17.25,17.43,19.7,18.126666666666665
2015-07-19,18.395000000000003,19.634999999999998,19.375,19.135
2015-07-26,18.84,18.67,18.77,18.76
2015-08-02,20.57,20.01,19.16,19.91333333333333
2015-08-09,19.29,19.84,20.01,19.713333333333335
2015-08-16,20.08,21.38,20.48,20.646666666666665
2015-08-23,20.125,20.425,20.345,20.298333333333332
2015-08-30,19.77,20.88,20.02,20.223333333333333
2015-09-06,19.215,19.945,19.19,19.45
2015-09-13,19.39,19.45,19.29,19.37666666666667
2015-09-20,18.9,19.14,18.62,18.886666666666667
2015-09-27,18.8,18.93,18.7,18.810000000000002
2015-10-04,18.28,18.33,18.020000000000003,18.21
2015-10-11,,,,
2015-10-18,16.31,16.18,16.41,16.299999999999997
2015-10-25,14.37,15.375,15.66,15.135
2015-11-01,14.25,13.82,14.66,14.243333333333334
2015-11-08,,,,
2015-11-15,,,,
2015-11-22,,,,
2015-11-29,,,,
2015-12-06,,8.38,8.47,8.425
2015-12-13,9.43,8.864999999999998,9.25,9.181666666666667
2015-12-20,,,,
2015-12-27,6.39,5.68,6.64,6.236666666666667
2016-01-03,,,4.88,4.88
2016-01-10,,,,
2016-01-17,,4.34,,4.34
2016-01-24,,,,
2016-01-31,2.76,2.38,4.31,3.15
2016-02-07,,,,
2016-02-14,3.48,3.19,3.54,3.4033333333333338
2016-02-21,3.5,4.65,4.25,4.133333333333334
2016-02-28,3.11,,4.58,3.8449999999999998
2016-03-06,4.62,4.05,4.8,4.489999999999999
2016-03-13,4.44,5.0,4.91,4.783333333333334
2016-03-20,2.97,4.51,5.21,4.23
2016-03-27,6.28,6.08,,6.18
2016-04-03,7.86,7.26,6.665,7.261666666666667
2016-04-10,8.045,9.205,8.34,8.53
2016-04-17,9.27,9.08,8.54,8.963333333333333
2016-04-24,8.84,9.515,9.615,9.323333333333332
2016-05-01,10.57,10.53,10.78,10.626666666666667
2016-05-08,9.86,9.98,10.97,10.270000000000001
2016-05-15,10.6,11.184999999999999,12.225,11.336666666666666
2016-05-22,11.445,12.02,12.59,12.018333333333333
2016-05-29,12.754999999999999,13.995000000000001,13.56,13.436666666666667
2016-06-05,14.52,14.08,14.58,14.393333333333333
2016-06-12,14.48,13.74,15.59,14.603333333333333
2016-06-19,14.09,15.88,15.12,15.03
2016-06-26,15.4,16.99,16.3,16.23
2016-07-03,16.82,16.67,17.01,16.833333333333332
2016-07-10,16.64,16.35,17.59,16.86
2016-07-17,18.71,19.494999999999997,17.615000000000002,18.606666666666666
2016-07-24,18.1,19.11,18.505000000000003,18.57166666666667
2016-07-31,19.950000000000003,21.075000000000003,19.625,20.21666666666667
2016-08-07,20.215000000000003,21.655,19.825000000000003,20.565
2016-08-14,20.35,20.705,20.03,20.361666666666668
2016-08-21,20.74,21.88,20.43,21.016666666666666
2016-08-28,19.62,19.87,,19.745
2016-09-04,19.78,20.37,19.88,20.01
2016-09-11,18.88,19.01,,18.945
2016-09-18,19.025,19.835,18.494999999999997,19.118333333333332
2016-09-25,18.31,18.43,18.25,18.33
2016-10-02,17.96,17.04,18.2,17.733333333333334
2016-10-09,16.09,16.42,,16.255000000000003
2016-10-16,,15.8,,15.8
2016-10-23,15.34,,,15.34
2016-10-30,15.22,14.5,14.97,14.896666666666667
2016-11-06,14.67,13.64,14.76,14.356666666666667
2016-11-13,13.855,13.905,14.19,13.983333333333333
2016-11-20,12.98,12.92,13.05,12.983333333333334
2016-11-27,,10.27,11.16,10.715
2016-12-04,9.385,9.705,10.18,9.756666666666666
2016-12-11,7.03,6.51,,6.77
2016-12-18,,6.68,7.95,7.3149999999999995
2016-12-25,,4.35,4.43,4.39
2017-01-01,4.46,4.33,5.09,4.626666666666666
2017-01-08,4.365,4.495,4.415,4.425
2017-01-15,2.79,3.19,2.79,2.9233333333333333
2017-01-22,3.64,3.32,2.27,3.0766666666666667
2017-01-29,,,,
2017-02-05,,,,
2017-02-12,2.58,2.86,1.63,2.3566666666666665
2017-02-19,2.9349999999999996,2.495,1.705,2.3783333333333334
2017-02-26,,,,
2017-03-05,4.42,,,4.42
2017-03-12,4.31,4.28,3.36,3.983333333333333
2017-03-19,,,,
2017-03-26,7.07,4.31,4.08,5.153333333333333
2017-04-02,6.37,8.21,6.56,7.046666666666667
2017-04-09,6.57,6.57,6.57,6.57
2017-04-16,8.86,9.18,7.154999999999999,8.398333333333333
2017-04-23,7.83,7.98,7.26,7.69
2017-04-30,8.83,9.65,8.28,8.92
2017-05-07,9.06,9.6,9.24,9.299999999999999
2017-05-14,12.42,11.44,,11.93
2017-05-21,12.0,11.92,12.04,11.986666666666666
2017-05-28,11.92,14.08,13.02,13.006666666666666
2017-06-04,13.34,12.77,13.01,13.04
2017-06-11,13.85,13.325,14.61,13.928333333333333
2017-06-18,14.120000000000001,14.01,14.274999999999999,14.135
2017-06-25,15.05,15.865000000000002,14.83,15.248333333333335
2017-07-02,16.25,17.12,16.345,16.57166666666667
2017-07-09,18.075000000000003,17.994999999999997,17.8,17.956666666666667
2017-07-16,18.105,19.994999999999997,17.814999999999998,18.638333333333332
2017-07-23,18.1,20.92,18.75,19.256666666666668
2017-07-30,18.1,16.66,18.55,17.77
2017-08-06,18.835,21.685000000000002,19.155,19.89166666666667
2017-08-13,19.814999999999998,20.64,19.83,20.095
2017-08-20,19.925,21.9,19.7,20.508333333333336
2017-08-27,19.975,20.634999999999998,20.22,20.276666666666667
2017-09-03,19.955,20.77,20.055,20.259999999999998
2017-09-10,19.61,20.35,19.759999999999998,19.906666666666666
2017-09-17,,,,
2017-09-24,,19.63,18.92,19.275
2017-10-01,18.45,18.49,17.97,18.30333333333333
2017-10-08,17.89,17.405,17.5,17.598333333333333
2017-10-15,,,,
2017-10-22,14.53,15.2,15.33,15.019999999999998
2017-10-29,14.51,15.355,14.235,14.700000000000001
2017-11-05,,,,
2017-11-12,,,,
2017-11-19,,,,
2017-11-26,11.26,11.29,11.29,11.28
2017-12-03,,,9.56,9.56
2017-12-10,8.67,8.504999999999999,8.530000000000001,8.568333333333333
2017-12-17,,,,
2017-12-24,6.99,5.96,6.77,6.573333333333333
2017-12-31,5.4,4.63,5.21,5.080000000000001
2018-01-07,,,,
2018-01-14,,4.31,,4.31
2018-01-21,3.62,3.78,,3.7
2018-01-28,,,,
2018-02-04,,,,
2018-02-11,4.055,3.74,3.52,3.7716666666666665
2018-02-18,4.13,3.89,3.18,3.733333333333333
2018-02-25,,3.22,2.7,2.96
2018-03-04,,,,
2018-03-11,4.26,4.21,3.7,4.056666666666666
2018-03-18,4.56,4.695,4.06,4.438333333333333
2018-03-25,5.55,5.89,4.83,5.423333333333333
2018-04-01,5.845000000000001,5.77,4.965,5.526666666666666
2018-04-08,,,,
2018-04-15,,,,
2018-04-22,9.34,8.32,7.51,8.39
2018-04-29,9.04,9.96,8.79,9.263333333333334
2018-05-06,11.26,10.04,9.14,10.146666666666667
2018-05-13,10.555,10.67,10.72,10.648333333333333
2018-05-20,11.485,11.344999999999999,11.934999999999999,11.588333333333333
2018-05-27,12.73,13.17,13.24,13.046666666666667
2018-06-03,13.28,13.98,13.19,13.483333333333333
2018-06-10,,,,
2018-06-17,14.705,14.75,14.82,14.758333333333333
2018-06-24,15.61,16.22,16.44,16.09
2018-07-01,15.26,15.49,16.39,15.713333333333333
2018-07-08,16.345,16.68,15.825,16.28333333333333
2018-07-15,16.85,17.96,17.384999999999998,17.398333333333333
2018-07-22,18.064999999999998,19.92,18.65,18.878333333333334
2018-07-29,19.38,20.545,19.509999999999998,19.811666666666664
2018-08-05,19.58,21.04,19.560000000000002,20.06
2018-08-12,20.18,20.73,20.055,20.321666666666665
2018-08-19,19.94,19.94,19.96,19.94666666666667
2018-08-26,19.83,20.68,19.81,20.106666666666666
2018-09-02,19.67,20.27,19.125,19.688333333333333
2018-09-09,19.795,20.29,19.72,19.935
2018-09-16,18.75,19.73,19.735,19.405
2018-09-23,18.45,18.685000000000002,18.51,18.548333333333336
2018-09-30,18.185000000000002,18.435000000000002,18.14,18.253333333333334
2018-10-07,16.38,17.3,16.95,16.876666666666665
2018-10-14,16.04,15.39,15.92,15.783333333333333
2018-10-21,16.14,16.63,15.89,16.22
2018-10-28,15.965,14.59,15.469999999999999,15.341666666666667
2018-11-04,12.81,,14.27,13.54
2018-11-11,13.52,13.315,13.41,13.415000000000001
2018-11-18,,,,
2018-11-25,10.685,10.285,10.37,10.446666666666665
2018-12-02,,,,
2018-12-09,,,,
2018-12-16,,8.15,8.11,8.129999999999999
2018-12-23,7.79,7.635,7.709999999999999,7.711666666666666
2018-12-30,7.04,5.7,7.35,6.696666666666666
2019-01-06,,,,
2019-01-13,4.26,4.19,4.08,4.176666666666667
2019-01-20,,,,
2019-01-27,,,,
2019-02-03,,,,
2019-02-10,,,,
2019-02-17,,,,
2019-02-24,2.27,3.01,2.16,2.48
2019-03-03,2.64,2.92,2.59,2.716666666666667
2019-03-10,2.63,2.715,2.4850000000000003,2.61
2019-03-17,3.51,4.13,3.38,3.6733333333333333
2019-03-24,5.35,5.5,4.38,5.076666666666667
2019-03-31,6.33,6.48,5.57,6.126666666666668
2019-04-07,6.98,7.01,5.85,6.613333333333333
2019-04-14,,,,
2019-04-21,9.05,6.945,6.9,7.631666666666668
2019-04-28,10.27,9.649999999999999,8.065,9.328333333333333
2019-05-05,9.52,9.48,7.74,8.913333333333334
2019-05-12,10.9,10.285,10.370000000000001,10.518333333333334
2019-05-19,11.14,12.71,10.77,11.540000000000001
2019-05-26,,,,
2019-06-02,12.19,13.01,12.18,12.459999999999999
2019-06-09,13.445,13.955,13.675,13.691666666666668
2019-06-16,14.3,14.4,14.489999999999998,14.396666666666667
2019-06-23,15.32,15.719999999999999,15.61,15.549999999999999
2019-06-30,15.84,16.25,15.62,15.903333333333334
2019-07-07,16.425,16.86,16.95,16.745
2019-07-14,18.615000000000002,18.560000000000002,17.84,18.338333333333335
2019-07-21,18.71,20.47,18.77,19.316666666666666
2019-07-28,,17.21,19.03,18.12
2019-08-04,19.15,21.09,18.925,19.721666666666664
2019-08-11,19.575,21.3,19.799999999999997,20.224999999999998
2019-08-18,19.98,21.14,20.02,20.38
2019-08-25,20.16,21.34,19.835,20.445
2019-09-01,20.21,20.67,19.990000000000002,20.290000000000003
2019-09-08,19.4,20.18,19.98,19.853333333333335
2019-09-15,,,,
2019-09-22,,,,
2019-09-29,18.025,18.424999999999997,18.19,18.213333333333335
2019-10-06,16.915,17.455,16.880000000000003,17.083333333333332
2019-10-13,16.5,16.439999999999998,16.115000000000002,16.351666666666667
2019-10-20,,,,
2019-10-27,14.07,14.96,14.56,14.530000000000001
2019-11-03,13.075,13.16,12.92,13.051666666666668
2019-11-10,12.24,12.24,,12.24
2019-11-17,,12.67,12.22,12.445
2019-11-24,10.27,11.42,10.27,10.653333333333332
2019-12-01,10.2,9.07,10.37,9.88
2019-12-08,,,,
2019-12-15,6.86,7.67,7.94,7.490000000000001
2019-12-22,,,,
2019-12-29,,,,
2020-01-05,,,,
2020-01-12,3.3,4.04,5.56,4.3
2020-01-19,3.91,4.29,4.72,4.306666666666666
2020-01-26,,,,
2020-02-02,2.96,3.2,,3.08
2020-02-09,,,,
2020-02-16,2.72,3.92,3.7,3.4466666666666668
2020-02-23,3.06,3.17,3.43,3.22
2020-03-01,3.55,4.33,3.84,3.9066666666666663
2020-03-08,,,3.73,3.73
2020-03-15,3.94,3.795,4.32,4.0183333333333335
2020-03-22,4.13,4.63,4.21,4.323333333333333
2020-03-29,5.18,5.215,5.119999999999999,5.171666666666666
2020-04-05,5.17,5.805,5.96,5.645
2020-04-12,6.755,6.38,7.07,6.734999999999999
2020-04-19,7.105,8.145,8.42,7.890000000000001
2020-04-26,8.36,9.39,8.75,8.833333333333334
2020-05-03,8.75,9.58,8.84,9.056666666666667
2020-05-10,9.295,9.33,9.17,9.265
2020-05-17,9.864999999999998,9.805,10.25,9.973333333333333
2020-05-24,11.03,11.94,11.07,11.346666666666666
2020-05-31,12.455,13.355,12.375,12.728333333333333
2020-06-07,12.69,13.19,12.94,12.94
2020-06-14,14.03,14.22,13.01,13.753333333333332
2020-06-21,,16.97,14.28,15.625
2020-06-28,15.14,15.63,14.55,15.10666666666667
2020-07-05,16.005,16.235,15.924999999999999,16.054999999999996
2020-07-12,16.825,17.495,15.83,16.716666666666665
2020-07-19,17.54,19.78,17.14,18.153333333333332
2020-07-26,17.64,20.09,18.105,18.611666666666668
2020-08-02,18.88,21.74,18.82,19.813333333333333
2020-08-09,19.54,20.61,18.82,19.656666666666666
2020-08-16,19.58,21.48,19.02,20.026666666666667
2020-08-23,19.98,20.32,18.98,19.76
2020-08-30,20.130000000000003,21.595,19.57,20.43166666666667
2020-09-06,19.740000000000002,20.505000000000003,19.325000000000003,19.85666666666667
2020-09-13,19.564999999999998,19.604999999999997,19.69,19.62
2020-09-20,19.68,19.28,19.65,19.536666666666665
2020-09-27,18.17,18.2,,18.185000000000002
2020-10-04,18.155,17.87,18.195,18.073333333333334
2020-10-11,,,,
2020-10-18,17.29,17.19,17.63,17.37
2020-10-25,14.77,14.69,15.5,14.986666666666666
2020-11-01,13.93,14.79,13.53,14.083333333333334
2020-11-08,,,,
2020-11-15,12.06,12.06,11.75,11.956666666666669
2020-11-22,10.925,11.239999999999998,11.21,11.125
2020-11-29,9.600000000000001,9.704999999999998,10.215,9.84
2020-12-06,8.2,,,8.2
2020-12-13,,,,
2020-12-20,6.925,6.960000000000001,7.475,7.12
2020-12-27,7.14,7.15,6.97,7.086666666666666
2021-01-03,,,,
2021-01-10,4.93,4.84,5.48,5.083333333333333
2021-01-17,4.63,4.15,3.59,4.123333333333334
2021-01-24,3.8,4.45,4.12,4.123333333333334
2021-01-31,,,,
2021-02-07,,,,
2021-02-14,4.385,4.41,4.21,4.335
2021-02-21,3.13,3.1950000000000003,2.8899999999999997,3.0716666666666668
2021-02-28,3.63,4.07,3.67,3.7900000000000005
2021-03-07,4.2,3.94,,4.07
2021-03-14,5.285,4.96,4.735,4.993333333333333
2021-03-21,5.26,8.6,,6.93
2021-03-28,6.05,7.38,5.99,6.473333333333334
2021-04-04,6.08,5.68,6.11,5.956666666666667
2021-04-11,6.945,6.66,6.73,6.778333333333333
2021-04-18,7.025,7.165,7.109999999999999,7.1000000000000005
2021-04-25,8.015,8.68,8.025,8.24
2021-05-02,8.81,8.92,8.76,8.83
2021-05-09,9.95,9.995000000000001,9.66,9.868333333333334
2021-05-16,10.719999999999999,11.59,10.67,10.993333333333332
2021-05-23,12.29,11.96,11.51,11.92
2021-05-30,,12.86,11.36,12.11
2021-06-06,12.89,13.379999999999999,12.965,13.078333333333333
2021-06-13,13.55,14.75,13.63,13.976666666666667
2021-06-20,14.335,15.165,14.715,14.738333333333335
2021-06-27,16.445,16.310000000000002,16.645000000000003,16.46666666666667
2021-07-04,16.810000000000002,18.125,17.895000000000003,17.610000000000003
2021-07-11,17.525,19.08,18.155,18.253333333333334
2021-07-18,18.77,20.06,18.74,19.189999999999998
2021-07-25,18.43,20.58,19.04,19.349999999999998
2021-08-01,18.83,18.84,,18.835
2021-08-08,19.4,19.525,20.45,19.791666666666668
2021-08-15,19.53,21.3,20.509999999999998,20.446666666666665
2021-08-22,20.35,21.9,20.26,20.83666666666667
2021-08-29,20.195,20.939999999999998,19.869999999999997,20.334999999999997
2021-09-05,19.615000000000002,20.134999999999998,19.78,19.843333333333334
2021-09-12,19.5,18.74,19.74,19.326666666666664
2021-09-19,19.22,20.01,19.67,19.633333333333336
2021-09-26,18.604999999999997,18.785,18.53,18.64
2021-10-03,17.91,18.32,17.78,18.003333333333334
2021-10-10,17.325000000000003,17.07,17.07,17.155
2021-10-17,15.22,13.59,15.87,14.893333333333333
2021-10-24,,,15.35,15.35
2021-10-31,13.99,14.285,13.965,14.079999999999998
2021-11-07,11.65,12.36,13.14,12.383333333333333
2021-11-14,12.86,12.97,12.83,12.886666666666665
2021-11-21,11.895,11.76,11.96,11.871666666666668
2021-11-28,10.495000000000001,9.925,9.735,10.051666666666668
2021-12-05,10.19,9.77,10.34,10.1
2021-12-12,7.52,,,7.52
2021-12-19,,5.9,6.55,6.225
2021-12-26,4.71,4.88,5.97,5.1866666666666665
2022-01-02,,,,
2022-01-09,,,,
2022-01-16,,,,
2022-01-23,,,,
2022-01-30,,,,
2022-02-06,3.23,2.81,,3.02
2022-02-13,2.745,3.69,2.89,3.108333333333334
2022-02-20,,,,
2022-02-27,3.43,3.49,,3.46
2022-03-06,,,,
2022-03-13,3.64,4.63,3.79,4.02
2022-03-20,4.395,4.715,4.0600000000000005,4.39
2022-03-27,4.67,5.33,5.01,5.003333333333333
2022-04-03,6.970000000000001,6.0600000000000005,5.975,6.335000000000001
2022-04-10,6.890000000000001,7.865,6.5600000000000005,7.105
2022-04-17,7.9,7.41,6.41,7.239999999999999
2022-04-24,8.27,8.18,7.57,8.006666666666666
2022-05-01,,,,
2022-05-08,10.37,11.02,8.82,10.07
2022-05-15,10.355,9.82,9.59,9.921666666666667
2022-05-22,11.684999999999999,12.059999999999999,9.835,11.193333333333333
2022-05-29,,,,
2022-06-05,14.07,14.24,14.14,14.15
2022-06-12,13.629999999999999,14.0,13.055,13.561666666666667
2022-06-19,15.0,15.2,14.46,14.886666666666665
2022-06-26,14.805,14.940000000000001,15.08,14.941666666666668
2022-07-03,15.915,16.61,15.9,16.141666666666666
2022-07-10,17.51,17.51,,17.51
2022-07-17,17.603333333333335,19.349999999999998,16.656666666666666,17.87
2022-07-24,18.11,20.516666666666666,17.959999999999997,18.86222222222222
2022-07-31,19.28,21.486666666666668,19.016666666666666,19.927777777777777
2022-08-07,19.689999999999998,21.425,19.02,20.044999999999998
2022-08-14,20.34,21.95,19.18,20.49
2022-08-21,20.13,20.75,19.44,20.106666666666666
2022-08-28,20.150000000000002,21.41,20.41,20.656666666666666
2022-09-04,20.235,20.57,20.545,20.45
2022-09-11,19.92,20.835,20.045,20.26666666666667
2022-09-18,19.03,19.79,19.15,19.323333333333334
2022-09-25,18.564999999999998,18.465,18.41,18.48
2022-10-02,18.44666666666667,17.69333333333333,18.713333333333335,18.284444444444446
2022-10-09,18.29,17.645,18.975,18.303333333333335
2022-10-16,16.72,15.11,18.18,16.669999999999998
2022-10-23,17.700000000000003,16.145,18.195,17.346666666666668
2022-10-30,14.625,14.19,15.72,14.844999999999999
2022-11-06,13.82,14.16,14.36,14.113333333333335
2022-11-13,12.55,12.315,13.030000000000001,12.631666666666668
2022-11-20,11.515,12.105,11.495000000000001,11.705
2022-11-27,10.21,10.32,10.23,10.253333333333334
2022-12-04,,,,
2022-12-11,,8.37,8.23,8.3
2022-12-18,7.52,7.61,7.3,7.476666666666667
2022-12-25,,4.78,,4.78
2023-01-01,4.89,4.86,4.02,4.59
2023-01-08,4.15,4.21,4.36,4.239999999999999
2023-01-15,,,3.77,3.77
2023-01-22,3.505,3.945,3.25,3.5666666666666664
2023-01-29,2.22,,2.48,2.35
2023-02-05,2.22,3.44,2.31,2.6566666666666667
2023-02-12,,,,
2023-02-19,2.88,3.255,3.14,3.091666666666667
2023-02-26,,2.73,2.58,2.6550000000000002
2023-03-05,3.31,2.8049999999999997,2.65,2.921666666666667
2023-03-12,4.41,4.16,3.23,3.9333333333333336
2023-03-19,3.895,4.355,3.895,4.048333333333333
2023-03-26,5.21,5.01,4.92,5.046666666666666
2023-04-02,5.38,5.29,5.305,5.325
2023-04-09,5.855,5.795,5.49,5.713333333333334
2023-04-16,7.18,7.35,6.42,6.983333333333333
2023-04-23,,,7.02,7.02
2023-04-30,9.205,9.067499999999999,8.65,8.974166666666667
2023-05-07,,,,
2023-05-14,10.693333333333333,10.853333333333333,9.903333333333334,10.483333333333334
2023-05-21,11.9,12.43,11.78,12.036666666666667
2023-05-28,11.44,12.83,12.07,12.113333333333335
2023-06-04,12.95,13.42,13.176666666666668,13.182222222222222
2023-06-11,14.295,14.105,15.620000000000001,14.673333333333332
2023-06-18,13.94,13.826666666666668,15.42,14.395555555555555
2023-06-25,15.496666666666668,15.473333333333334,15.93,15.633333333333335
2023-07-02,16.03,16.456666666666667,17.05333333333333,16.513333333333332
2023-07-09,18.400000000000002,18.24,18.866666666666664,18.50222222222222
2023-07-16,16.41,19.01,18.34,17.92
2023-07-23,18.175,19.509999999999998,18.61,18.765
2023-07-30,19.343333333333334,21.276666666666667,19.36,19.993333333333336
2023-08-06,20.02,21.515,19.83,20.455
2023-08-13,20.14,21.62,20.263333333333332,20.674444444444447
2023-08-20,20.009999999999998,21.270000000000003,20.58,20.62
2023-08-27,20.076666666666668,21.213333333333335,20.215,20.50166666666667
2023-09-03,20.38,20.25,20.16,20.263333333333332
2023-09-10,19.61,20.685000000000002,20.005,20.099999999999998
2023-09-17,19.31,19.15,19.86,19.439999999999998
2023-09-24,18.82,19.47,19.6,19.296666666666667
2023-10-01,17.93,18.24,18.23,18.133333333333336
2023-10-08,18.235,17.755,17.375,17.78833333333333
2023-10-15,16.80666666666667,16.923333333333336,17.186666666666667,16.972222222222225
2023-10-22,16.85,16.16,16.84,16.61666666666667
2023-10-29,14.21,15.100000000000001,14.865,14.725000000000001
2023-11-05,,,,
2023-11-12,,,,
2023-11-19,12.11,12.89,12.965,12.655000000000001
2023-11-26,11.675,11.975,12.165,11.938333333333333
2023-12-03,,,,
2023-12-10,9.32,9.22,9.56,9.366666666666667
2023-12-17,,,,
2023-12-24,7.91,7.12,7.86,7.63
2023-12-31,,,,
2024-01-07,,,,
2024-01-14,4.47,5.85,6.18,5.5
2024-01-21,,,,
2024-01-28,,,,
2024-02-04,,,4.91,4.91
2024-02-11,3.84,4.965,4.85,4.551666666666667
2024-02-18,4.02,3.81,3.95,3.926666666666667
2024-02-25,,,,
2024-03-03,4.18,4.43,4.61,4.406666666666666
2024-03-10,4.15,4.22,,4.1850000000000005
2024-03-17,5.404999999999999,5.67,5.25,5.441666666666666
2024-03-24,6.07,6.109999999999999,5.585,5.921666666666667
2024-03-31,7.2,7.83,7.16,7.396666666666667
2024-04-07,7.5,8.91,7.61,8.006666666666666
2024-04-14,8.525,8.8,8.745000000000001,8.690000000000001
2024-04-21,9.39,10.1,8.66,9.383333333333335
2024-04-28,8.2,10.13,8.43,8.92
2024-05-05,,,,
2024-05-12,10.54,10.175,10.350000000000001,10.355
2024-05-19,12.42,11.96,12.09,12.156666666666666
2024-05-26,13.18,13.44,14.16,13.593333333333334
2024-06-02,13.98,13.74,13.93,13.883333333333333
2024-06-09,13.9,13.65,13.91,13.82
2024-06-16,15.07,16.06,15.06,15.396666666666667
2024-06-23,14.82,17.33,,16.075
2024-06-30,16.3,16.71,16.22,16.41
2024-07-07,17.17,17.945,19.86,18.325
2024-07-14,19.07,19.495,19.415,19.326666666666664
2024-07-21,19.645,21.189999999999998,19.675,20.169999999999998
2024-07-28,20.855,21.799999999999997,19.810000000000002,20.82166666666667
2024-08-04,21.56,21.43,20.8,21.263333333333332
2024-08-11,21.0,21.26,20.63,20.963333333333335
2024-08-18,21.29,21.3,20.61,21.066666666666666
2024-08-25,20.415,21.36,20.8,20.858333333333334
2024-09-01,20.035,20.53,20.32,20.294999999999998
2024-09-08,20.89,20.45,20.77,20.703333333333333
2024-09-15,,,,
