date,max_temp(C),min_temp(C)
1982-08-01 00:00:00+00:00,15.5,11.0
1982-08-02 00:00:00+00:00,16.0,9.5
1982-08-03 00:00:00+00:00,16.5,9.5
1982-08-04 00:00:00+00:00,16.5,9.5
1982-08-05 00:00:00+00:00,17.5,10.0
1982-08-06 00:00:00+00:00,17.5,10.5
1982-08-07 00:00:00+00:00,17.5,10.5
1982-08-08 00:00:00+00:00,16.5,12.5
1982-08-09 00:00:00+00:00,18.0,12.0
1982-08-10 00:00:00+00:00,17.5,11.0
1982-08-11 00:00:00+00:00,15.5,10.0
1982-08-12 00:00:00+00:00,16.5,9.0
1982-08-13 00:00:00+00:00,17.0,9.5
1982-08-14 00:00:00+00:00,17.5,10.0
1982-08-15 00:00:00+00:00,17.0,10.0
1982-08-16 00:00:00+00:00,16.5,9.5
1982-08-17 00:00:00+00:00,17.0,10.0
1982-08-18 00:00:00+00:00,15.0,10.5
1982-08-19 00:00:00+00:00,18.0,11.0
1982-08-20 00:00:00+00:00,17.0,11.0
1982-08-21 00:00:00+00:00,16.5,11.0
1982-08-22 00:00:00+00:00,18.0,11.0
1982-08-23 00:00:00+00:00,17.0,9.5
1982-08-24 00:00:00+00:00,17.0,9.5
1982-08-25 00:00:00+00:00,17.0,9.5
1982-08-26 00:00:00+00:00,16.0,10.0
1982-08-27 00:00:00+00:00,16.5,9.5
1982-08-28 00:00:00+00:00,14.5,10.5
1982-08-29 00:00:00+00:00,14.0,10.0
1982-08-30 00:00:00+00:00,16.0,10.5
1982-08-31 00:00:00+00:00,15.5,8.5
1982-09-01 00:00:00+00:00,15.5,8.0
1982-09-02 00:00:00+00:00,15.0,9.0
1982-09-03 00:00:00+00:00,14.0,9.5
1982-09-04 00:00:00+00:00,16.0,10.0
1982-09-05 00:00:00+00:00,15.5,8.0
1982-09-06 00:00:00+00:00,15.0,8.0
1982-09-07 00:00:00+00:00,15.0,8.0
1982-09-08 00:00:00+00:00,15.5,8.5
1982-09-09 00:00:00+00:00,15.5,8.5
1982-09-10 00:00:00+00:00,14.0,10.0
1982-09-11 00:00:00+00:00,11.5,6.5
1982-09-12 00:00:00+00:00,11.5,8.5
1982-09-13 00:00:00+00:00,9.5,7.5
1982-09-14 00:00:00+00:00,9.0,6.5
1982-09-15 00:00:00+00:00,9.5,6.0
1982-09-16 00:00:00+00:00,11.0,6.0
1982-09-17 00:00:00+00:00,12.0,7.0
1982-09-18 00:00:00+00:00,13.5,7.5
1982-09-19 00:00:00+00:00,13.0,8.5
1982-09-20 00:00:00+00:00,11.5,8.0
1982-09-21 00:00:00+00:00,13.0,7.5
1982-09-22 00:00:00+00:00,13.0,7.0
1982-09-23 00:00:00+00:00,13.0,6.5
1982-09-24 00:00:00+00:00,10.0,7.0
1982-09-25 00:00:00+00:00,12.5,7.5
1982-09-26 00:00:00+00:00,12.5,9.5
1982-09-27 00:00:00+00:00,10.0,8.0
1982-09-28 00:00:00+00:00,9.0,7.0
1982-09-29 00:00:00+00:00,9.0,5.0
1982-09-30 00:00:00+00:00,9.0,4.5
1982-10-01 00:00:00+00:00,7.0,6.0
1982-10-02 00:00:00+00:00,10.0,4.0
1982-10-03 00:00:00+00:00,8.0,6.0
1982-10-04 00:00:00+00:00,7.5,5.5
1982-10-05 00:00:00+00:00,9.5,5.0
1982-10-06 00:00:00+00:00,7.5,4.0
1982-10-07 00:00:00+00:00,7.5,5.5
1982-10-08 00:00:00+00:00,6.5,3.5
1982-10-09 00:00:00+00:00,8.0,3.0
1982-10-10 00:00:00+00:00,8.0,3.0
1982-10-11 00:00:00+00:00,9.0,3.5
1982-10-12 00:00:00+00:00,9.5,4.5
1982-10-13 00:00:00+00:00,9.5,5.0
1982-10-14 00:00:00+00:00,10.0,5.0
1982-10-15 00:00:00+00:00,9.5,5.5
1982-10-16 00:00:00+00:00,9.5,5.5
1982-10-17 00:00:00+00:00,8.5,5.0
1982-10-18 00:00:00+00:00,6.0,3.5
1982-10-19 00:00:00+00:00,6.0,1.5
1982-10-20 00:00:00+00:00,6.0,1.5
1982-10-21 00:00:00+00:00,8.0,3.5
1982-10-22 00:00:00+00:00,7.5,5.5
1982-10-23 00:00:00+00:00,8.5,6.0
1982-10-24 00:00:00+00:00,8.0,5.0
1982-10-25 00:00:00+00:00,7.0,5.5
1982-10-26 00:00:00+00:00,6.0,4.5
1982-10-27 00:00:00+00:00,5.0,3.5
1982-10-28 00:00:00+00:00,5.5,2.0
1982-10-29 00:00:00+00:00,5.5,3.5
1982-10-30 00:00:00+00:00,6.5,4.5
1982-10-31 00:00:00+00:00,6.5,4.0
1982-11-01 00:00:00+00:00,5.0,2.5
1982-11-02 00:00:00+00:00,4.5,1.0
1982-11-03 00:00:00+00:00,5.0,1.5
1982-11-04 00:00:00+00:00,6.0,2.5
1982-11-05 00:00:00+00:00,6.5,4.0
1982-11-06 00:00:00+00:00,5.0,3.0
1982-11-07 00:00:00+00:00,3.5,1.0
1982-11-08 00:00:00+00:00,4.5,2.0
1982-11-09 00:00:00+00:00,4.5,2.0
1982-11-10 00:00:00+00:00,3.0,1.0
1982-11-11 00:00:00+00:00,4.0,1.5
1982-11-12 00:00:00+00:00,2.0,0.0
1982-11-13 00:00:00+00:00,3.0,0.5
1982-11-14 00:00:00+00:00,2.0,0.0
1982-11-15 00:00:00+00:00,2.5,0.0
1982-11-16 00:00:00+00:00,3.0,0.5
1982-11-17 00:00:00+00:00,3.5,2.0
1982-11-18 00:00:00+00:00,3.0,1.5
1982-11-19 00:00:00+00:00,3.0,1.5
1982-11-20 00:00:00+00:00,2.5,1.0
1982-11-21 00:00:00+00:00,2.0,0.5
1982-11-22 00:00:00+00:00,1.5,0.0
1982-11-23 00:00:00+00:00,0.0,0.0
1982-11-24 00:00:00+00:00,0.0,0.0
1982-11-25 00:00:00+00:00,0.0,0.0
1982-11-26 00:00:00+00:00,0.5,0.0
1982-11-27 00:00:00+00:00,1.0,0.0
1982-11-28 00:00:00+00:00,2.5,1.0
1982-11-29 00:00:00+00:00,2.5,0.5
1982-11-30 00:00:00+00:00,2.0,0.5
1982-12-01 00:00:00+00:00,1.5,0.0
1982-12-02 00:00:00+00:00,2.0,0.0
1982-12-03 00:00:00+00:00,4.0,1.5
1982-12-04 00:00:00+00:00,4.0,0.0
1982-12-05 00:00:00+00:00,2.5,0.0
1982-12-06 00:00:00+00:00,2.5,1.0
1982-12-07 00:00:00+00:00,2.0,0.0
1982-12-08 00:00:00+00:00,0.0,0.0
1982-12-09 00:00:00+00:00,0.0,0.0
1982-12-10 00:00:00+00:00,0.0,0.0
1982-12-11 00:00:00+00:00,0.0,0.0
1982-12-12 00:00:00+00:00,0.5,0.0
1982-12-13 00:00:00+00:00,1.0,0.0
1982-12-14 00:00:00+00:00,1.0,0.0
1982-12-15 00:00:00+00:00,2.0,1.0
1982-12-16 00:00:00+00:00,3.0,1.0
1982-12-17 00:00:00+00:00,2.0,0.5
1982-12-18 00:00:00+00:00,1.5,0.0
1982-12-19 00:00:00+00:00,3.0,0.5
1982-12-20 00:00:00+00:00,2.5,1.0
1982-12-21 00:00:00+00:00,2.0,0.5
1982-12-22 00:00:00+00:00,2.5,0.0
1982-12-23 00:00:00+00:00,0.5,0.0
1982-12-24 00:00:00+00:00,0.0,0.0
1982-12-25 00:00:00+00:00,0.0,0.0
1982-12-26 00:00:00+00:00,0.5,0.0
1982-12-27 00:00:00+00:00,0.0,0.0
1982-12-28 00:00:00+00:00,0.0,0.0
1982-12-29 00:00:00+00:00,0.0,0.0
1982-12-30 00:00:00+00:00,0.0,0.0
1982-12-31 00:00:00+00:00,0.0,0.0
1983-01-01 00:00:00+00:00,0.0,0.0
1983-01-02 00:00:00+00:00,0.0,0.0
1983-01-03 00:00:00+00:00,0.0,0.0
1983-01-04 00:00:00+00:00,1.0,0.0
1983-01-05 00:00:00+00:00,2.0,1.0
1983-01-06 00:00:00+00:00,3.0,1.5
1983-01-07 00:00:00+00:00,4.0,2.0
1983-01-08 00:00:00+00:00,2.5,0.5
1983-01-09 00:00:00+00:00,2.0,0.0
1983-01-10 00:00:00+00:00,2.5,0.5
1983-01-11 00:00:00+00:00,0.5,0.0
1983-01-12 00:00:00+00:00,0.5,0.0
1983-01-13 00:00:00+00:00,0.5,0.0
1983-01-14 00:00:00+00:00,0.5,0.0
1983-01-15 00:00:00+00:00,0.0,0.0
1983-01-16 00:00:00+00:00,0.5,0.0
1983-01-17 00:00:00+00:00,2.5,0.5
1983-01-18 00:00:00+00:00,3.5,2.5
1983-01-19 00:00:00+00:00,3.0,1.5
1983-01-20 00:00:00+00:00,4.0,2.5
1983-01-21 00:00:00+00:00,3.5,1.0
1983-01-22 00:00:00+00:00,2.5,1.0
1983-01-23 00:00:00+00:00,3.5,1.5
1983-01-24 00:00:00+00:00,3.0,1.5
1983-01-25 00:00:00+00:00,4.0,2.0
1983-01-26 00:00:00+00:00,4.5,2.5
1983-01-27 00:00:00+00:00,4.0,2.5
1983-01-28 00:00:00+00:00,3.5,1.0
1983-01-29 00:00:00+00:00,2.0,0.5
1983-01-30 00:00:00+00:00,3.5,1.5
1983-01-31 00:00:00+00:00,2.0,0.5
1983-02-01 00:00:00+00:00,1.0,0.5
1983-02-02 00:00:00+00:00,0.5,0.5
1983-02-03 00:00:00+00:00,0.5,0.5
1983-02-04 00:00:00+00:00,0.5,0.5
1983-02-05 00:00:00+00:00,0.5,0.5
1983-02-06 00:00:00+00:00,0.5,0.5
1983-02-07 00:00:00+00:00,1.5,0.5
1983-02-08 00:00:00+00:00,2.0,0.5
1983-02-09 00:00:00+00:00,2.5,1.0
1983-02-10 00:00:00+00:00,4.0,0.5
1983-02-11 00:00:00+00:00,4.0,0.5
1983-02-12 00:00:00+00:00,4.5,2.0
1983-02-13 00:00:00+00:00,4.0,2.0
1983-02-14 00:00:00+00:00,5.0,1.5
1983-02-15 00:00:00+00:00,4.0,0.5
1983-02-16 00:00:00+00:00,5.0,2.0
1983-02-17 00:00:00+00:00,2.5,1.0
1983-02-18 00:00:00+00:00,3.5,2.5
1983-02-19 00:00:00+00:00,4.5,1.5
1983-02-20 00:00:00+00:00,4.0,0.5
1983-02-21 00:00:00+00:00,6.0,2.5
1983-02-22 00:00:00+00:00,6.0,2.5
1983-02-23 00:00:00+00:00,6.0,2.0
1983-02-24 00:00:00+00:00,6.0,1.5
1983-02-25 00:00:00+00:00,4.5,2.0
1983-02-26 00:00:00+00:00,6.0,2.0
1983-02-27 00:00:00+00:00,3.5,1.0
1983-02-28 00:00:00+00:00,5.5,1.0
1983-03-01 00:00:00+00:00,5.5,2.5
1983-03-02 00:00:00+00:00,6.0,3.0
1983-03-03 00:00:00+00:00,6.5,3.0
1983-03-04 00:00:00+00:00,7.0,3.5
1983-03-05 00:00:00+00:00,7.0,3.5
1983-03-06 00:00:00+00:00,5.5,2.5
1983-03-07 00:00:00+00:00,5.0,2.5
1983-03-08 00:00:00+00:00,6.0,3.0
1983-03-09 00:00:00+00:00,8.5,3.5
1983-03-10 00:00:00+00:00,8.5,3.0
1983-03-11 00:00:00+00:00,5.5,4.0
1983-03-12 00:00:00+00:00,4.5,1.5
1983-03-13 00:00:00+00:00,4.5,2.5
1983-03-14 00:00:00+00:00,4.5,1.0
1983-03-15 00:00:00+00:00,7.0,2.0
1983-03-16 00:00:00+00:00,6.0,0.0
1983-03-17 00:00:00+00:00,5.5,0.5
1983-03-18 00:00:00+00:00,6.0,2.0
1983-03-19 00:00:00+00:00,6.0,1.0
1983-03-20 00:00:00+00:00,5.5,0.0
1983-03-21 00:00:00+00:00,5.5,0.0
1983-03-22 00:00:00+00:00,5.5,1.5
1983-03-23 00:00:00+00:00,6.5,3.0
1983-03-24 00:00:00+00:00,5.5,1.0
1983-03-25 00:00:00+00:00,6.0,2.0
1983-03-26 00:00:00+00:00,8.0,1.0
1983-03-27 00:00:00+00:00,5.0,2.5
1983-03-28 00:00:00+00:00,7.5,0.5
1983-03-29 00:00:00+00:00,5.5,2.0
1983-03-30 00:00:00+00:00,4.5,2.0
1983-03-31 00:00:00+00:00,5.5,2.0
1983-04-01 00:00:00+00:00,7.0,0.0
1983-04-02 00:00:00+00:00,5.0,2.0
1983-04-03 00:00:00+00:00,4.0,1.0
1983-04-04 00:00:00+00:00,5.0,0.0
1983-04-05 00:00:00+00:00,6.5,0.0
1983-04-06 00:00:00+00:00,6.5,0.0
1983-04-07 00:00:00+00:00,7.5,1.0
1983-04-08 00:00:00+00:00,9.5,2.0
1983-04-09 00:00:00+00:00,6.0,3.0
1983-04-10 00:00:00+00:00,8.0,2.5
1983-04-11 00:00:00+00:00,8.0,1.5
1983-04-12 00:00:00+00:00,7.5,1.5
1983-04-13 00:00:00+00:00,7.5,1.0
1983-04-14 00:00:00+00:00,10.0,2.0
1983-04-15 00:00:00+00:00,9.0,2.0
1983-04-16 00:00:00+00:00,9.5,2.0
1983-04-17 00:00:00+00:00,10.5,2.5
1983-04-18 00:00:00+00:00,8.0,3.5
1983-04-19 00:00:00+00:00,9.5,4.5
1983-04-20 00:00:00+00:00,10.0,5.0
1983-04-21 00:00:00+00:00,10.5,4.0
1983-04-22 00:00:00+00:00,9.5,4.0
1983-04-23 00:00:00+00:00,9.0,5.0
1983-04-24 00:00:00+00:00,7.0,4.0
1983-04-25 00:00:00+00:00,7.0,2.5
1983-04-26 00:00:00+00:00,7.5,2.5
1983-04-27 00:00:00+00:00,8.5,2.0
1983-04-28 00:00:00+00:00,9.0,2.5
1983-04-29 00:00:00+00:00,11.0,4.0
1983-04-30 00:00:00+00:00,10.5,5.0
1983-05-01 00:00:00+00:00,9.5,4.5
1983-05-02 00:00:00+00:00,9.5,4.5
1983-05-03 00:00:00+00:00,9.5,4.0
1983-05-04 00:00:00+00:00,11.0,3.0
1983-05-05 00:00:00+00:00,7.0,3.5
1983-05-06 00:00:00+00:00,9.5,3.5
1983-05-07 00:00:00+00:00,9.5,3.0
1983-05-08 00:00:00+00:00,6.5,3.0
1983-05-09 00:00:00+00:00,6.5,2.5
1983-05-10 00:00:00+00:00,6.0,2.5
1983-05-11 00:00:00+00:00,5.5,2.5
1983-05-12 00:00:00+00:00,9.0,2.5
1983-05-13 00:00:00+00:00,10.0,3.0
1983-05-14 00:00:00+00:00,10.0,3.5
1983-05-15 00:00:00+00:00,8.5,4.5
1983-05-16 00:00:00+00:00,8.0,3.5
1983-05-17 00:00:00+00:00,11.0,3.5
1983-05-18 00:00:00+00:00,10.0,5.5
1983-05-19 00:00:00+00:00,10.5,4.0
1983-05-20 00:00:00+00:00,14.5,5.5
1983-05-21 00:00:00+00:00,11.0,5.0
1983-05-22 00:00:00+00:00,12.5,4.0
1983-05-23 00:00:00+00:00,13.0,4.5
1983-05-24 00:00:00+00:00,12.5,4.5
1983-05-25 00:00:00+00:00,12.5,4.0
1983-05-26 00:00:00+00:00,13.0,4.0
1983-05-27 00:00:00+00:00,12.5,4.0
1983-05-28 00:00:00+00:00,13.0,4.5
1983-05-29 00:00:00+00:00,13.5,5.0
1983-05-30 00:00:00+00:00,12.5,5.5
1983-05-31 00:00:00+00:00,9.5,6.5
1983-06-01 00:00:00+00:00,11.0,6.5
1983-06-02 00:00:00+00:00,11.5,5.5
1983-06-03 00:00:00+00:00,12.0,6.0
1983-06-04 00:00:00+00:00,12.0,6.5
1983-06-05 00:00:00+00:00,12.5,6.0
1983-06-06 00:00:00+00:00,12.0,6.5
1983-06-07 00:00:00+00:00,13.0,6.5
1983-06-08 00:00:00+00:00,12.0,7.0
1983-06-09 00:00:00+00:00,13.0,7.5
1983-06-10 00:00:00+00:00,13.5,7.5
1983-06-11 00:00:00+00:00,11.0,8.0
1983-06-12 00:00:00+00:00,9.5,6.5
1983-06-13 00:00:00+00:00,13.0,5.5
1983-06-14 00:00:00+00:00,13.5,6.5
1983-06-15 00:00:00+00:00,13.0,8.0
1983-06-16 00:00:00+00:00,13.5,6.5
1983-06-17 00:00:00+00:00,14.0,7.5
1983-06-18 00:00:00+00:00,13.0,8.0
1983-06-19 00:00:00+00:00,12.0,6.5
1983-06-20 00:00:00+00:00,11.5,6.5
1983-06-21 00:00:00+00:00,12.0,8.0
1983-06-22 00:00:00+00:00,13.5,6.5
1983-06-23 00:00:00+00:00,15.0,8.5
1983-06-24 00:00:00+00:00,14.5,8.5
1983-06-25 00:00:00+00:00,14.5,7.0
1983-06-26 00:00:00+00:00,14.0,8.5
1983-06-27 00:00:00+00:00,13.0,9.5
1983-06-28 00:00:00+00:00,13.0,9.0
1983-06-29 00:00:00+00:00,13.5,9.5
1983-06-30 00:00:00+00:00,14.0,8.5
1983-07-01 00:00:00+00:00,11.5,9.5
1983-07-02 00:00:00+00:00,10.5,8.0
1983-07-03 00:00:00+00:00,14.0,7.0
1983-07-04 00:00:00+00:00,15.5,8.0
1983-07-05 00:00:00+00:00,13.5,9.5
1983-07-06 00:00:00+00:00,16.0,10.5
1983-07-07 00:00:00+00:00,16.5,10.0
1983-07-08 00:00:00+00:00,16.0,10.0
1983-07-09 00:00:00+00:00,13.5,10.0
1983-07-10 00:00:00+00:00,13.0,8.5
1983-07-11 00:00:00+00:00,15.5,8.0
1983-07-12 00:00:00+00:00,15.5,9.5
1983-07-13 00:00:00+00:00,17.5,10.5
1983-07-14 00:00:00+00:00,15.0,10.0
1983-07-15 00:00:00+00:00,14.5,8.5
1983-07-16 00:00:00+00:00,15.0,8.0
1983-07-17 00:00:00+00:00,15.5,9.5
1983-07-18 00:00:00+00:00,15.0,9.5
1983-07-19 00:00:00+00:00,15.0,9.5
1983-07-20 00:00:00+00:00,17.5,10.0
1983-07-21 00:00:00+00:00,17.0,9.0
1983-07-22 00:00:00+00:00,14.0,9.5
1983-07-23 00:00:00+00:00,16.5,10.5
1983-07-24 00:00:00+00:00,16.5,10.5
1983-07-25 00:00:00+00:00,17.0,10.5
1983-07-26 00:00:00+00:00,15.5,10.5
1983-07-27 00:00:00+00:00,16.0,10.0
1983-07-28 00:00:00+00:00,16.5,11.0
1983-07-29 00:00:00+00:00,17.0,11.0
1983-07-30 00:00:00+00:00,19.0,10.5
1983-07-31 00:00:00+00:00,15.5,11.5
1983-08-01 00:00:00+00:00,17.0,11.5
1983-08-02 00:00:00+00:00,17.0,11.0
1983-08-03 00:00:00+00:00,18.0,11.0
1983-08-04 00:00:00+00:00,18.0,11.0
1983-08-05 00:00:00+00:00,19.0,11.5
1983-08-06 00:00:00+00:00,19.0,11.5
1983-08-07 00:00:00+00:00,18.5,12.5
1983-08-08 00:00:00+00:00,18.5,13.5
1983-08-09 00:00:00+00:00,18.5,13.5
1983-08-10 00:00:00+00:00,19.0,13.0
1983-08-11 00:00:00+00:00,17.5,13.0
1983-08-12 00:00:00+00:00,18.0,10.5
1983-08-13 00:00:00+00:00,18.0,10.5
1983-08-14 00:00:00+00:00,17.5,11.5
1983-08-15 00:00:00+00:00,14.5,11.5
1983-08-16 00:00:00+00:00,17.0,11.0
1983-08-17 00:00:00+00:00,17.5,11.0
1983-08-18 00:00:00+00:00,16.0,11.0
1983-08-19 00:00:00+00:00,16.0,12.0
1983-08-20 00:00:00+00:00,16.5,12.0
1983-08-21 00:00:00+00:00,14.5,11.0
1983-08-22 00:00:00+00:00,15.5,10.0
1983-08-23 00:00:00+00:00,14.0,10.0
1983-08-24 00:00:00+00:00,15.0,10.0
1983-08-25 00:00:00+00:00,16.0,10.0
1983-08-26 00:00:00+00:00,16.0,9.5
1983-08-27 00:00:00+00:00,15.5,9.5
1983-08-28 00:00:00+00:00,15.5,10.0
1983-08-29 00:00:00+00:00,16.0,9.0
1983-08-30 00:00:00+00:00,16.0,9.0
1983-08-31 00:00:00+00:00,15.5,9.5
1983-09-01 00:00:00+00:00,16.0,11.0
1983-09-02 00:00:00+00:00,16.0,11.0
1983-09-03 00:00:00+00:00,15.0,9.0
1983-09-04 00:00:00+00:00,15.5,9.0
1983-09-05 00:00:00+00:00,14.5,8.5
1983-09-06 00:00:00+00:00,14.5,7.5
1983-09-07 00:00:00+00:00,15.5,9.0
1983-09-08 00:00:00+00:00,14.5,9.5
1983-09-09 00:00:00+00:00,13.0,9.0
1983-09-10 00:00:00+00:00,13.0,6.0
1983-09-11 00:00:00+00:00,15.0,9.5
1983-09-12 00:00:00+00:00,14.5,8.0
1983-09-13 00:00:00+00:00,14.0,7.5
1983-09-14 00:00:00+00:00,14.0,9.0
1983-09-15 00:00:00+00:00,13.5,7.5
1983-09-16 00:00:00+00:00,13.5,7.0
1983-09-17 00:00:00+00:00,13.0,7.5
1983-09-18 00:00:00+00:00,12.5,8.5
1983-09-19 00:00:00+00:00,10.5,7.0
1983-09-20 00:00:00+00:00,10.5,4.5
1983-09-21 00:00:00+00:00,11.5,5.0
1983-09-22 00:00:00+00:00,11.5,5.5
1983-09-23 00:00:00+00:00,12.0,7.0
1983-09-24 00:00:00+00:00,13.0,7.5
1983-09-25 00:00:00+00:00,13.0,7.0
1983-09-26 00:00:00+00:00,11.0,7.5
1983-09-27 00:00:00+00:00,11.5,8.0
1983-09-28 00:00:00+00:00,10.5,6.0
1983-09-29 00:00:00+00:00,9.5,7.5
1983-09-30 00:00:00+00:00,9.5,8.0
1983-10-01 00:00:00+00:00,10.0,7.5
1983-10-02 00:00:00+00:00,8.5,6.5
1983-10-03 00:00:00+00:00,9.0,6.0
1983-10-04 00:00:00+00:00,12.0,7.0
1983-10-05 00:00:00+00:00,11.0,6.0
1983-10-06 00:00:00+00:00,10.5,6.0
1983-10-07 00:00:00+00:00,11.5,7.5
1983-10-08 00:00:00+00:00,9.0,5.5
1983-10-09 00:00:00+00:00,9.5,7.5
1983-10-10 00:00:00+00:00,9.0,7.0
1983-10-11 00:00:00+00:00,9.5,5.0
1983-10-12 00:00:00+00:00,9.0,5.0
1983-10-13 00:00:00+00:00,8.0,6.0
1983-10-14 00:00:00+00:00,6.5,6.0
1983-10-15 00:00:00+00:00,9.0,5.5
1983-10-16 00:00:00+00:00,8.0,4.0
1983-10-17 00:00:00+00:00,8.0,4.5
1983-10-18 00:00:00+00:00,8.5,5.5
1983-10-19 00:00:00+00:00,8.0,3.5
1983-10-20 00:00:00+00:00,9.0,4.5
1983-10-21 00:00:00+00:00,9.5,6.0
1983-10-22 00:00:00+00:00,9.5,5.0
1983-10-23 00:00:00+00:00,9.0,6.5
1983-10-24 00:00:00+00:00,8.5,3.0
1983-10-25 00:00:00+00:00,7.5,3.0
1983-10-26 00:00:00+00:00,8.0,3.5
1983-10-27 00:00:00+00:00,8.0,3.5
1983-10-28 00:00:00+00:00,7.5,3.5
1983-10-29 00:00:00+00:00,8.5,5.0
1983-10-30 00:00:00+00:00,7.0,4.5
1983-10-31 00:00:00+00:00,8.0,5.5
1983-11-01 00:00:00+00:00,8.0,6.5
1983-11-02 00:00:00+00:00,7.0,6.0
1983-11-03 00:00:00+00:00,8.0,6.0
1983-11-04 00:00:00+00:00,7.5,6.5
1983-11-05 00:00:00+00:00,7.5,6.0
1983-11-06 00:00:00+00:00,7.5,6.0
1983-11-07 00:00:00+00:00,6.5,3.5
1983-11-08 00:00:00+00:00,5.0,3.0
1983-11-09 00:00:00+00:00,3.5,2.0
1983-11-10 00:00:00+00:00,5.5,3.5
1983-11-11 00:00:00+00:00,4.5,3.5
1983-11-12 00:00:00+00:00,4.5,2.5
1983-11-13 00:00:00+00:00,3.5,1.5
1983-11-14 00:00:00+00:00,4.5,2.0
1983-11-15 00:00:00+00:00,5.0,2.5
1983-11-16 00:00:00+00:00,4.0,2.5
1983-11-17 00:00:00+00:00,4.5,2.5
1983-11-18 00:00:00+00:00,4.0,2.5
1983-11-19 00:00:00+00:00,3.0,1.0
1983-11-20 00:00:00+00:00,3.0,1.0
1983-11-21 00:00:00+00:00,3.0,0.0
1983-11-22 00:00:00+00:00,0.5,0.0
1983-11-23 00:00:00+00:00,2.5,0.0
1983-11-24 00:00:00+00:00,2.0,1.0
1983-11-25 00:00:00+00:00,3.0,1.0
1983-11-26 00:00:00+00:00,1.5,0.0
1983-11-27 00:00:00+00:00,3.0,1.0
1983-11-28 00:00:00+00:00,2.5,0.5
1983-11-29 00:00:00+00:00,1.0,0.0
1983-11-30 00:00:00+00:00,0.0,0.0
1983-12-01 00:00:00+00:00,1.5,0.0
1983-12-02 00:00:00+00:00,0.5,0.0
1983-12-03 00:00:00+00:00,1.5,0.5
1983-12-04 00:00:00+00:00,1.5,0.0
1983-12-05 00:00:00+00:00,0.5,0.0
1983-12-06 00:00:00+00:00,1.0,0.5
1983-12-07 00:00:00+00:00,3.0,1.0
1983-12-08 00:00:00+00:00,3.0,0.0
1983-12-09 00:00:00+00:00,2.5,0.5
1983-12-10 00:00:00+00:00,3.5,1.5
1983-12-11 00:00:00+00:00,2.0,1.0
1983-12-12 00:00:00+00:00,2.5,0.5
1983-12-13 00:00:00+00:00,2.5,1.0
1983-12-14 00:00:00+00:00,3.0,1.0
1983-12-15 00:00:00+00:00,2.5,0.0
1983-12-16 00:00:00+00:00,0.0,0.0
1983-12-17 00:00:00+00:00,0.0,0.0
1983-12-18 00:00:00+00:00,0.0,0.0
1983-12-19 00:00:00+00:00,0.0,0.0
1983-12-20 00:00:00+00:00,0.0,0.0
1983-12-21 00:00:00+00:00,0.0,0.0
1984-01-20 00:00:00+00:00,0.0,0.0
1984-01-21 00:00:00+00:00,0.5,0.0
1984-01-22 00:00:00+00:00,1.0,0.0
1984-01-23 00:00:00+00:00,1.5,0.5
1984-01-24 00:00:00+00:00,3.0,1.0
1984-01-25 00:00:00+00:00,3.0,1.0
1984-01-26 00:00:00+00:00,2.0,0.0
1984-01-27 00:00:00+00:00,3.5,1.5
1984-01-28 00:00:00+00:00,2.0,0.0
1984-01-29 00:00:00+00:00,1.0,0.0
1984-01-30 00:00:00+00:00,0.5,0.0
1984-01-31 00:00:00+00:00,0.5,0.0
1984-02-01 00:00:00+00:00,1.5,0.0
1984-02-02 00:00:00+00:00,1.0,0.0
1984-02-03 00:00:00+00:00,2.0,0.0
1984-02-04 00:00:00+00:00,2.5,0.0
1984-02-05 00:00:00+00:00,2.0,0.0
1984-02-06 00:00:00+00:00,2.5,0.0
1984-02-07 00:00:00+00:00,2.5,0.0
1984-02-08 00:00:00+00:00,1.5,0.0
1984-02-09 00:00:00+00:00,2.5,0.0
1984-02-10 00:00:00+00:00,3.0,1.5
1984-02-11 00:00:00+00:00,2.5,0.0
1984-02-12 00:00:00+00:00,3.5,0.5
1984-02-13 00:00:00+00:00,3.5,2.0
1984-02-14 00:00:00+00:00,3.5,1.0
1984-02-15 00:00:00+00:00,2.0,0.0
1984-02-16 00:00:00+00:00,3.0,0.5
1984-02-17 00:00:00+00:00,3.0,0.5
1984-02-18 00:00:00+00:00,2.5,0.0
1984-02-19 00:00:00+00:00,1.5,0.0
1984-02-20 00:00:00+00:00,2.0,0.0
1984-02-21 00:00:00+00:00,2.0,1.5
1984-02-22 00:00:00+00:00,4.0,0.5
1984-02-23 00:00:00+00:00,3.5,0.0
1984-02-24 00:00:00+00:00,3.0,1.0
1984-02-25 00:00:00+00:00,4.0,1.0
1984-02-26 00:00:00+00:00,3.5,0.0
1984-02-27 00:00:00+00:00,3.0,0.0
1984-02-28 00:00:00+00:00,4.5,0.0
1984-02-29 00:00:00+00:00,5.5,1.5
1984-03-01 00:00:00+00:00,5.5,2.5
1984-03-02 00:00:00+00:00,6.0,2.5
1984-03-03 00:00:00+00:00,5.0,0.5
1984-03-04 00:00:00+00:00,3.5,0.0
1984-03-05 00:00:00+00:00,4.0,0.0
1984-03-06 00:00:00+00:00,5.5,1.5
1984-03-07 00:00:00+00:00,6.0,0.0
1984-03-08 00:00:00+00:00,6.0,0.0
1984-03-09 00:00:00+00:00,7.5,3.0
1984-03-10 00:00:00+00:00,5.5,2.5
1984-03-11 00:00:00+00:00,7.0,3.0
1984-03-12 00:00:00+00:00,6.0,2.5
1984-03-13 00:00:00+00:00,4.0,2.5
1984-03-14 00:00:00+00:00,5.0,1.5
1984-03-15 00:00:00+00:00,5.5,2.0
1984-03-16 00:00:00+00:00,7.0,2.5
1984-03-17 00:00:00+00:00,4.5,2.0
1984-03-18 00:00:00+00:00,5.0,0.0
1984-03-19 00:00:00+00:00,7.5,2.0
1984-03-20 00:00:00+00:00,9.5,4.0
1984-03-21 00:00:00+00:00,6.0,3.5
1984-03-22 00:00:00+00:00,6.0,2.5
1984-03-23 00:00:00+00:00,7.0,1.0
1984-03-24 00:00:00+00:00,6.0,2.5
1984-03-25 00:00:00+00:00,3.5,0.5
1984-03-26 00:00:00+00:00,5.5,1.0
1984-03-27 00:00:00+00:00,7.0,1.0
1984-03-28 00:00:00+00:00,5.0,0.0
1984-03-29 00:00:00+00:00,6.0,1.0
1984-03-30 00:00:00+00:00,8.0,1.0
1984-03-31 00:00:00+00:00,7.5,1.5
1984-04-01 00:00:00+00:00,8.0,2.0
1984-04-02 00:00:00+00:00,7.5,2.0
1984-04-03 00:00:00+00:00,8.5,2.0
1984-04-04 00:00:00+00:00,8.0,2.0
1984-04-05 00:00:00+00:00,6.5,4.0
1984-04-06 00:00:00+00:00,7.0,4.0
1984-04-07 00:00:00+00:00,9.0,2.0
1984-04-08 00:00:00+00:00,6.5,3.0
1984-04-09 00:00:00+00:00,8.0,1.5
1984-04-10 00:00:00+00:00,5.5,2.0
1984-04-11 00:00:00+00:00,8.5,1.5
1984-04-12 00:00:00+00:00,6.0,1.5
1984-04-13 00:00:00+00:00,8.5,1.0
1984-04-14 00:00:00+00:00,10.5,2.0
1984-04-15 00:00:00+00:00,10.5,3.0
1984-04-16 00:00:00+00:00,11.5,3.5
1984-04-17 00:00:00+00:00,8.0,4.5
1984-04-18 00:00:00+00:00,7.0,4.0
1984-04-19 00:00:00+00:00,7.5,3.0
1984-04-20 00:00:00+00:00,6.5,3.0
1984-04-21 00:00:00+00:00,9.5,3.5
1984-04-22 00:00:00+00:00,10.5,3.5
1984-04-23 00:00:00+00:00,9.5,4.5
1984-04-24 00:00:00+00:00,6.0,2.0
1984-04-25 00:00:00+00:00,4.0,1.0
1984-04-26 00:00:00+00:00,5.5,1.0
1984-04-27 00:00:00+00:00,7.5,1.0
1984-04-28 00:00:00+00:00,7.0,1.5
1984-04-29 00:00:00+00:00,9.5,3.0
1984-04-30 00:00:00+00:00,7.0,3.0
1984-05-01 00:00:00+00:00,8.0,3.5
1984-05-02 00:00:00+00:00,8.5,3.5
1984-05-03 00:00:00+00:00,8.0,3.5
1984-05-04 00:00:00+00:00,8.0,2.5
1984-05-05 00:00:00+00:00,9.0,3.5
1984-05-06 00:00:00+00:00,8.0,2.5
1984-05-07 00:00:00+00:00,10.0,2.0
1984-05-08 00:00:00+00:00,11.5,3.5
1984-05-09 00:00:00+00:00,10.5,5.5
1984-05-10 00:00:00+00:00,9.0,5.0
1984-05-11 00:00:00+00:00,7.5,5.0
1984-05-12 00:00:00+00:00,12.0,5.0
1984-05-13 00:00:00+00:00,13.5,4.0
1984-05-14 00:00:00+00:00,9.5,5.0
1984-05-15 00:00:00+00:00,8.0,4.0
1984-05-16 00:00:00+00:00,7.5,3.0
1984-05-17 00:00:00+00:00,8.0,2.5
1984-05-18 00:00:00+00:00,11.0,3.5
1984-05-19 00:00:00+00:00,11.0,4.5
1984-05-20 00:00:00+00:00,9.5,6.0
1984-05-21 00:00:00+00:00,9.5,3.5
1984-05-22 00:00:00+00:00,11.0,3.5
1984-05-23 00:00:00+00:00,8.5,5.5
1984-05-24 00:00:00+00:00,8.5,4.5
1984-05-25 00:00:00+00:00,9.0,4.5
1984-05-26 00:00:00+00:00,10.0,5.5
1984-05-27 00:00:00+00:00,11.5,4.0
1984-05-28 00:00:00+00:00,13.0,5.0
1984-05-29 00:00:00+00:00,14.0,5.5
1984-05-30 00:00:00+00:00,12.5,7.5
1984-05-31 00:00:00+00:00,12.0,6.5
1984-06-01 00:00:00+00:00,11.5,4.5
1984-06-02 00:00:00+00:00,10.0,5.5
1984-06-03 00:00:00+00:00,8.5,6.0
1984-06-04 00:00:00+00:00,8.5,5.5
1984-06-05 00:00:00+00:00,11.5,6.0
1984-06-06 00:00:00+00:00,11.0,6.5
1984-06-07 00:00:00+00:00,10.0,6.5
1984-06-08 00:00:00+00:00,10.0,6.0
1984-06-09 00:00:00+00:00,8.5,5.5
1984-06-10 00:00:00+00:00,8.0,5.5
1984-06-11 00:00:00+00:00,10.5,6.0
1984-06-12 00:00:00+00:00,10.5,6.0
1984-06-13 00:00:00+00:00,10.5,7.0
1984-06-14 00:00:00+00:00,12.0,6.5
1984-06-15 00:00:00+00:00,14.5,7.5
1984-06-16 00:00:00+00:00,14.0,7.5
1984-06-17 00:00:00+00:00,14.0,7.0
1984-06-18 00:00:00+00:00,13.5,8.0
1984-06-19 00:00:00+00:00,13.5,8.5
1984-06-20 00:00:00+00:00,12.5,8.5
1984-06-21 00:00:00+00:00,11.5,8.0
1984-06-22 00:00:00+00:00,13.5,7.0
1984-06-23 00:00:00+00:00,14.5,7.5
1984-06-24 00:00:00+00:00,15.0,8.0
1984-06-25 00:00:00+00:00,15.5,9.0
1984-06-26 00:00:00+00:00,15.5,9.0
1984-06-27 00:00:00+00:00,16.0,9.0
1984-06-28 00:00:00+00:00,16.5,9.5
1984-06-29 00:00:00+00:00,16.0,11.0
1984-06-30 00:00:00+00:00,15.0,8.5
1984-07-01 00:00:00+00:00,16.0,9.0
1984-07-02 00:00:00+00:00,16.0,9.5
1984-07-03 00:00:00+00:00,16.5,10.0
1984-07-04 00:00:00+00:00,16.5,10.0
1984-07-05 00:00:00+00:00,17.5,10.0
1984-07-06 00:00:00+00:00,16.5,11.5
1984-07-07 00:00:00+00:00,17.0,11.5
1984-07-08 00:00:00+00:00,17.0,11.0
1984-07-09 00:00:00+00:00,15.0,10.0
1984-07-10 00:00:00+00:00,17.0,9.0
1984-07-11 00:00:00+00:00,17.5,10.0
1984-07-12 00:00:00+00:00,17.5,10.5
1984-07-13 00:00:00+00:00,17.5,10.0
1984-07-14 00:00:00+00:00,17.5,10.0
1984-07-15 00:00:00+00:00,18.5,10.5
1984-07-16 00:00:00+00:00,18.5,10.5
1984-07-17 00:00:00+00:00,17.5,11.0
1984-07-18 00:00:00+00:00,16.0,12.0
1984-07-19 00:00:00+00:00,17.5,11.0
1984-07-20 00:00:00+00:00,16.5,11.0
1984-07-21 00:00:00+00:00,15.5,11.5
1984-07-22 00:00:00+00:00,15.5,11.5
1984-07-23 00:00:00+00:00,15.5,11.5
1984-07-24 00:00:00+00:00,18.5,11.5
1984-07-25 00:00:00+00:00,18.5,12.0
1984-07-26 00:00:00+00:00,18.0,12.0
1984-07-27 00:00:00+00:00,17.0,13.0
1984-07-28 00:00:00+00:00,16.5,12.5
1984-07-29 00:00:00+00:00,17.4,12.2
1984-07-30 00:00:00+00:00,18.3,10.8
1984-07-31 00:00:00+00:00,18.5,11.0
1984-08-01 00:00:00+00:00,16.0,12.5
1984-08-02 00:00:00+00:00,16.5,11.0
1984-08-03 00:00:00+00:00,17.5,11.0
1984-08-04 00:00:00+00:00,17.0,11.0
1984-08-05 00:00:00+00:00,17.5,11.5
1984-08-06 00:00:00+00:00,17.5,10.5
1984-08-07 00:00:00+00:00,17.5,10.0
1984-08-08 00:00:00+00:00,18.5,10.5
1984-08-09 00:00:00+00:00,18.0,10.5
1984-08-10 00:00:00+00:00,17.0,10.5
1984-08-11 00:00:00+00:00,17.5,12.0
1984-08-12 00:00:00+00:00,17.0,10.5
1984-08-13 00:00:00+00:00,15.0,11.0
1984-08-14 00:00:00+00:00,17.5,9.5
1984-08-15 00:00:00+00:00,16.0,10.5
1984-08-16 00:00:00+00:00,17.0,12.0
1984-08-17 00:00:00+00:00,17.0,10.5
1984-08-18 00:00:00+00:00,17.5,10.5
1984-08-19 00:00:00+00:00,17.0,11.0
1984-08-20 00:00:00+00:00,16.5,9.5
1984-08-21 00:00:00+00:00,17.0,9.0
1984-08-22 00:00:00+00:00,13.5,9.0
1984-08-23 00:00:00+00:00,15.5,10.5
1984-08-24 00:00:00+00:00,16.5,9.5
1984-08-25 00:00:00+00:00,14.5,10.0
1984-08-26 00:00:00+00:00,16.0,10.0
1984-08-27 00:00:00+00:00,16.0,9.5
1984-08-28 00:00:00+00:00,16.5,10.5
1984-08-29 00:00:00+00:00,16.5,9.5
1984-08-30 00:00:00+00:00,16.0,10.5
1984-08-31 00:00:00+00:00,13.5,11.0
1984-09-01 00:00:00+00:00,15.5,9.0
1984-09-02 00:00:00+00:00,15.5,7.5
1984-09-03 00:00:00+00:00,15.5,8.0
1984-09-04 00:00:00+00:00,16.0,8.0
1984-09-05 00:00:00+00:00,14.0,9.0
1984-09-06 00:00:00+00:00,12.5,9.5
1984-09-07 00:00:00+00:00,12.5,8.5
1984-09-08 00:00:00+00:00,11.5,7.5
1984-09-09 00:00:00+00:00,14.5,7.5
1984-09-10 00:00:00+00:00,11.0,7.0
1984-09-11 00:00:00+00:00,10.5,8.0
1984-09-12 00:00:00+00:00,11.0,6.5
1984-09-13 00:00:00+00:00,13.0,5.5
1984-09-14 00:00:00+00:00,13.5,5.5
1984-09-15 00:00:00+00:00,14.5,8.5
1984-09-16 00:00:00+00:00,14.5,8.0
1984-09-17 00:00:00+00:00,14.5,7.5
1984-09-18 00:00:00+00:00,14.0,8.0
1984-09-19 00:00:00+00:00,14.0,8.0
1984-09-20 00:00:00+00:00,13.0,11.5
1984-09-21 00:00:00+00:00,11.5,8.5
1984-09-22 00:00:00+00:00,8.5,6.0
1984-09-23 00:00:00+00:00,8.5,4.5
1984-09-24 00:00:00+00:00,7.0,4.5
1984-09-25 00:00:00+00:00,7.0,3.0
1984-09-26 00:00:00+00:00,10.5,6.0
1984-09-27 00:00:00+00:00,9.0,5.0
1984-09-28 00:00:00+00:00,8.5,4.5
1984-09-29 00:00:00+00:00,9.0,4.5
